id,status,reference_number,vehicle_number,created_by_id,created_at,completed_at,notes,is_backed_up,order_date
325,READY≈DESP,64618,56{MH-46-BF-3825},3,2025-04-07T12:20:20.834Z,,"Storekeeper: Yash patel (IT)
Items: 59
Total quantity: 861",false,2025-04-06T00:00:00.000Z
23,READY≈DESP,64356,56{MH-46-BF-3825},5,2025-04-02T04:17:29.872Z,,"Storekeeper: BADELAL VARMA (DISPATCH {VALSAD})
Items: 32
Total quantity: 957",false,
43,READY≈DESP,64366,56{MH-46-BF-3825},9,2025-04-02T08:32:46.727Z,,"Storekeeper: PRIYANK PATEL (DISPATCH {VALSAD})
Items: 54
Total quantity: 1116",false,
37,READY≈DESP,64364,56{MH-46-BF-3825},5,2025-04-02T06:38:13.996Z,,"Storekeeper: BADELAL VARMA (DISPATCH {VALSAD})
Items: 28
Total quantity: 401",false,
38,READY≈DESP,64365,56{MH-46-BF-3825},5,2025-04-02T06:38:58.865Z,,"Storekeeper: BADELAL VARMA (DISPATCH {VALSAD})
Items: 21
Total quantity: 331",false,
29,READY≈DESP,64355,56{MH-46-BF-3825},4,2025-04-02T05:01:35.463Z,,"Storekeeper: YAGNIK PATEL (BILLING)
Items: 37
Total quantity: 831",false,
30,READY≈DESP,64376,56{MH-46-BF-3825},5,2025-04-02T05:09:16.426Z,,"Storekeeper: BADELAL VARMA (DISPATCH {VALSAD})
Items: 50
Total quantity: 639",false,
32,READY≈DESP,64375,56{MH-46-BF-3825},5,2025-04-02T05:38:45.746Z,,"Storekeeper: BADELAL VARMA (DISPATCH {VALSAD})
Items: 27
Total quantity: 228",false,
27,READY≈DESP,64382,56{MH-46-BF-3825},5,2025-04-02T04:36:41.265Z,,"Storekeeper: BADELAL VARMA (DISPATCH {VALSAD})
Items: 42
Total quantity: 716",false,
45,READY≈DESP,64362,56{MH-46-BF-3825},9,2025-04-02T08:37:53.546Z,,"Storekeeper: PRIYANK PATEL (DISPATCH {VALSAD})
Items: 48
Total quantity: 875",false,
39,READY≈DESP,64387,56{MH-46-BF-3825},5,2025-04-02T06:57:36.903Z,,"Storekeeper: BADELAL VARMA (DISPATCH {VALSAD})
Items: 35
Total quantity: 869",false,
31,READY≈DESP,64363,56{MH-46-BF-3825},2,2025-04-02T05:11:08.531Z,,"Storekeeper: PRIYANK PATEL (DISPATCH {VALSAD})
Items: 22
Total quantity: 868",false,
22,READY≈DESP,64373,56{MH-46-BF-3825},2,2025-04-02T04:14:10.272Z,,"Storekeeper: PRIYANK PATEL (DISPATCH {VALSAD})
Items: 25
Total quantity: 890",false,
40,READY≈DESP,64381,56{MH-46-BF-3825},4,2025-04-02T06:59:03.639Z,,"Storekeeper: YAGNIK PATEL (BILLING)
Items: 56
Total quantity: 883",false,
49,READY≈DESP,64359,56{MH-46-BF-3825},3,2025-04-02T11:31:30.657Z,,"Storekeeper: Yash patel (IT)
Items: 16
Total quantity: 857",false,
41,READY≈DESP,64357,56{MH-46-BF-3825},9,2025-04-02T08:21:46.096Z,,"Storekeeper: PRIYANK PATEL (DISPATCH {VALSAD})
Items: 46
Total quantity: 689",false,
50,READY≈DESP,64360,56{MH-46-BF-3825},3,2025-04-02T11:33:07.511Z,,"Storekeeper: Yash patel (IT)
Items: 11
Total quantity: 795",false,
51,READY≈DESP,64367,56{MH-46-BF-3825},3,2025-04-02T11:34:37.000Z,,"Storekeeper: Yash patel (IT)
Items: 53
Total quantity: 729",false,
44,READY≈DESP,64371,56{MH-46-BF-3825},9,2025-04-02T08:36:58.588Z,,"Storekeeper: PRIYANK PATEL (DISPATCH {VALSAD})
Items: 31
Total quantity: 742",false,
34,READY≈DESP,64354,56{MH-46-BF-3825},5,2025-04-02T05:44:37.155Z,,"Storekeeper: BADELAL VARMA (DISPATCH {VALSAD})
Items: 28
Total quantity: 881",false,
26,READY≈DESP,64385,56{MH-46-BF-3825},2,2025-04-02T04:29:02.890Z,,"Storekeeper: PRIYANK PATEL (DISPATCH {VALSAD})
Items: 26
Total quantity: 898",false,
24,READY≈DESP,64384,MH-46-BF-3825,4,2025-04-02T04:20:03.018Z,,"Storekeeper: YAGNIK PATEL (BILLING)
Items: 39
Total quantity: 744",false,
42,READY≈DESP,64358,56{MH-46-BF-3825},5,2025-04-02T08:23:59.312Z,,"Storekeeper: BADELAL VARMA (DISPATCH {VALSAD})
Items: 50
Total quantity: 682",false,
33,READY≈DESP,64377,56{MH-46-BF-3825},4,2025-04-02T05:39:30.739Z,,"Storekeeper: YAGNIK PATEL (BILLING)
Items: 52
Total quantity: 890",false,
46,READY≈DESP,64353,56{MH-46-BF-3825},4,2025-04-02T08:38:01.633Z,,"Storekeeper: YAGNIK PATEL (BILLING)
Items: 37
Total quantity: 902",false,
60,READY≈DESP,64389,56{MH-46-BF-3825},4,2025-04-02T11:45:57.963Z,,"Storekeeper: YAGNIK PATEL (BILLING)
Items: 47
Total quantity: 879",false,
52,READY≈DESP,64368,56{MH-46-BF-3825},3,2025-04-02T11:36:01.372Z,,"Storekeeper: Yash patel (IT)
Items: 25
Total quantity: 733",false,
56,READY≈DESP,64379,56{MH-46-BF-3825},4,2025-04-02T11:41:09.726Z,,"Storekeeper: YAGNIK PATEL (BILLING)
Items: 9
Total quantity: 796",false,
53,READY≈DESP,64369,56{MH-46-BF-3825},3,2025-04-02T11:37:05.206Z,,"Storekeeper: Yash patel (IT)
Items: 34
Total quantity: 847",false,
54,READY≈DESP,64370,56{MH-46-BF-3825},3,2025-04-02T11:38:08.560Z,,"Storekeeper: Yash patel (IT)
Items: 24
Total quantity: 812",false,
55,READY≈DESP,64378,56{MH-46-BF-3825},4,2025-04-02T11:40:01.219Z,,"Storekeeper: YAGNIK PATEL (BILLING)
Items: 47
Total quantity: 884",false,
57,READY≈DESP,64383,56{MH-46-BF-3825},4,2025-04-02T11:42:11.533Z,,"Storekeeper: YAGNIK PATEL (BILLING)
Items: 30
Total quantity: 752",false,
58,READY≈DESP,64386,56{MH-46-BF-3825},4,2025-04-02T11:43:12.470Z,,"Storekeeper: YAGNIK PATEL (BILLING)
Items: 57
Total quantity: 970",false,
59,READY≈DESP,64388,56{MH-46-BF-3825},4,2025-04-02T11:44:52.305Z,,"Storekeeper: YAGNIK PATEL (BILLING)
Items: 37
Total quantity: 879",false,
71,READY≈DESP,64404,56{MH-46-BF-3825},12,2025-04-02T18:58:24.186Z,,"Storekeeper: AKSHAY PATEL (DISPATCH {VALSAD})
Items: 40
Total quantity: 987",false,
48,READY≈DESP,64361,56{MH-46-BF-3825},9,2025-04-02T10:39:28.140Z,,"Storekeeper: PRIYANK PATEL (DISPATCH {VALSAD})
Items: 60
Total quantity: 909",false,
35,READY≈DESP,64374,56{MH-46-BF-3825},9,2025-04-02T05:58:59.273Z,,"Storekeeper: PRIYANK PATEL (DISPATCH {VALSAD})
Items: 14
Total quantity: 732",false,
61,READY≈DESP,64372,56{MH-46-BF-3825},4,2025-04-02T12:27:39.434Z,,"Storekeeper: YAGNIK PATEL (BILLING)
Items: 24
Total quantity: 716",false,
25,READY≈DESP,64380,MH-46-BF-3825,4,2025-04-02T04:21:39.878Z,,"Storekeeper: YAGNIK PATEL (BILLING)
Items: 13
Total quantity: 812",false,
69,READY≈DESP,64445,56{MH-46-BF-3825},14,2025-04-02T18:23:22.786Z,,"Storekeeper: YASH S PATEL (DISPATCH {VALSAD})
Items: 43
Total quantity: 900",false,
63,READY≈DESP,64417,56{MH-46-BF-3825},12,2025-04-02T13:39:09.011Z,,"Storekeeper: AKSHAY PATEL (DISPATCH {VALSAD})
Items: 42
Total quantity: 950",false,
68,READY≈DESP,64418,56{MH-46-BF-3825},11,2025-04-02T17:57:03.880Z,,"Storekeeper: DIVYANG PATEL (DISPATCH {VALSAD})
Items: 55
Total quantity: 785",false,
66,READY≈DESP,64427,56{MH-46-BF-3825},11,2025-04-02T16:25:11.698Z,,"Storekeeper: DIVYANG PATEL (DISPATCH {VALSAD})
Items: 16
Total quantity: 624",false,
64,READY≈DESP,64408,56{MH-46-BF-3825},11,2025-04-02T13:40:09.611Z,,"Storekeeper: DIVYANG PATEL (DISPATCH {VALSAD})
Items: 45
Total quantity: 917",false,
67,READY≈DESP,64412,56{MH-46-BF-3825},12,2025-04-02T16:27:02.400Z,,"Storekeeper: AKSHAY PATEL (DISPATCH {VALSAD})
Items: 10
Total quantity: 496",false,
70,READY≈DESP,64441,56{MH-46-BF-3825},11,2025-04-02T18:48:42.509Z,,"Storekeeper: DIVYANG PATEL (DISPATCH {VALSAD})
Items: 30
Total quantity: 995",false,
74,READY≈DESP,64414,56{MH-46-BF-3825},4,2025-04-03T03:55:49.814Z,,"Storekeeper: YAGNIK PATEL (BILLING)
Items: 24
Total quantity: 868",false,
82,READY≈DESP,64440,56{MH-46-BF-3825},4,2025-04-03T05:00:09.734Z,,"Storekeeper: YAGNIK PATEL (BILLING)
Items: 44
Total quantity: 856",false,2025-04-03T00:00:00.000Z
89,READY≈DESP,64438,56{MH-46-BF-3825},5,2025-04-03T06:04:03.196Z,,"Storekeeper: BADELAL VARMA (DISPATCH {VALSAD})
Items: 44
Total quantity: 268",false,
84,READY≈DESP,64439,56{MH-46-BF-3825},5,2025-04-03T05:24:28.075Z,,"Storekeeper: BADELAL VARMA (DISPATCH {VALSAD})
Items: 45
Total quantity: 684",false,
112,READY≈DESP,64448,56{MH-46-BF-3825},3,2025-04-03T13:00:04.830Z,,"Storekeeper: Yash patel (IT)
Items: 5
Total quantity: 975",false,2025-04-03T00:00:00.000Z
95,READY≈DESP,64424,56{MH-46-BF-3825},7,2025-04-03T06:31:30.238Z,,"Storekeeper: DIVYESH PATEL (DISPATCH {VALSAD})
Items: 70
Total quantity: 728",false,
91,READY≈DESP,64446,56{MH-46-BF-3825},4,2025-04-03T06:15:45.100Z,,"Storekeeper: YAGNIK PATEL (BILLING)
Items: 27
Total quantity: 433",false,
99,READY≈DESP,64422,56{MH-46-BF-3825},9,2025-04-03T08:10:50.314Z,,"Storekeeper: PRIYANK PATEL (DISPATCH {VALSAD})
Items: 67
Total quantity: 892",false,
80,READY≈DESP,64436,56{MH-46-BF-3825},5,2025-04-03T04:39:37.224Z,,"Storekeeper: BADELAL VARMA (DISPATCH {VALSAD})
Items: 24
Total quantity: 534",false,2025-04-03T00:00:00.000Z
79,READY≈DESP,64437,56{MH-46-BF-3825},5,2025-04-03T04:36:11.010Z,,"Storekeeper: BADELAL VARMA (DISPATCH {VALSAD})
Items: 19
Total quantity: 250",false,2025-04-03T00:00:00.000Z
75,READY≈DESP,64413,56{MH-46-BF-3825},4,2025-04-03T04:02:18.756Z,,"Storekeeper: YAGNIK PATEL (BILLING)
Items: 39
Total quantity: 436",false,2025-04-03T00:00:00.000Z
76,READY≈DESP,64432,56{MH-46-BF-3825},7,2025-04-03T04:16:07.818Z,,"Storekeeper: DIVYESH PATEL (DISPATCH {VALSAD})
Items: 43
Total quantity: 817",false,
104,READY≈DESP,64420,56{MH-46-BF-3825},9,2025-04-03T09:19:01.030Z,,"Storekeeper: PRIYANK PATEL (DISPATCH {VALSAD})
Items: 29
Total quantity: 861",false,2025-04-03T00:00:00.000Z
81,READY≈DESP,64409,56{MH-46-BF-3825},4,2025-04-03T04:42:13.189Z,,"Storekeeper: YAGNIK PATEL (BILLING)
Items: 33
Total quantity: 927",false,2025-04-03T00:00:00.000Z
94,READY≈DESP,64429,56{MH-46-BF-3825},7,2025-04-03T06:22:44.230Z,,"Storekeeper: DIVYESH PATEL (DISPATCH {VALSAD})
Items: 50
Total quantity: 913",false,
326,READY≈DESP,64622,56{MH-46-BF-3825},3,2025-04-07T12:24:04.682Z,,"Storekeeper: Yash patel (IT)
Items: 41
Total quantity: 753",false,2025-04-06T00:00:00.000Z
100,READY≈DESP,64423,56{MH-46-BF-3825},9,2025-04-03T08:51:26.937Z,,"Storekeeper: PRIYANK PATEL (DISPATCH {VALSAD})
Items: 31
Total quantity: 694",false,2025-04-03T00:00:00.000Z
72,READY≈DESP,64433,56{MH-46-BF-3825},14,2025-04-02T23:12:42.145Z,,"Storekeeper: YASH S PATEL (DISPATCH {VALSAD})
Items: 19
Total quantity: 819",false,
96,READY≈DESP,64443,56{MH-46-BF-3825},5,2025-04-03T06:43:48.912Z,,"Storekeeper: BADELAL VARMA (DISPATCH {VALSAD})
Items: 9
Total quantity: 798",false,
103,READY≈DESP,64428,56{MH-46-BF-3825},4,2025-04-03T09:18:43.191Z,,"Storekeeper: YAGNIK PATEL (BILLING)
Items: 58
Total quantity: 867",false,2025-04-03T00:00:00.000Z
101,READY≈DESP,64410,56{MH-46-BF-3825},3,2025-04-03T08:52:43.051Z,,"Storekeeper: Yash patel (IT)
Items: 41
Total quantity: 933",false,2025-04-03T00:00:00.000Z
109,READY≈DESP,64416,56{MH-46-BF-3825},6,2025-04-03T09:57:41.047Z,,"Storekeeper: PRIYANK PATEL (DISPATCH {VALSAD})
Items: 49
Total quantity: 327",false,2025-04-03T00:00:00.000Z
98,READY≈DESP,64402,56{MH-46-BF-3825},5,2025-04-03T08:08:26.327Z,,"Storekeeper: BADELAL VARMA (DISPATCH {VALSAD})
Items: 47
Total quantity: 924",false,
107,READY≈DESP,64435,56{MH-46-BF-3825},4,2025-04-03T09:53:06.650Z,,"Storekeeper: YAGNIK PATEL (BILLING)
Items: 47
Total quantity: 958",false,2025-04-03T00:00:00.000Z
65,READY≈DESP,64426,56{MH-46-BF-3825},11,2025-04-02T14:17:22.028Z,,"Storekeeper: DIVYANG PATEL (DISPATCH {VALSAD})
Items: 53
Total quantity: 858",false,
92,READY≈DESP,64425,56{MH-46-BF-3825},4,2025-04-03T06:17:10.914Z,,"Storekeeper: YAGNIK PATEL (BILLING)
Items: 60
Total quantity: 973",false,
77,READY≈DESP,64431,56{MH-46-BF-3825},9,2025-04-03T04:22:33.713Z,,"Storekeeper: PRIYANK PATEL (DISPATCH {VALSAD})
Items: 37
Total quantity: 923",false,
83,READY≈DESP,64442,56{MH-46-BF-3825},9,2025-04-03T05:20:22.346Z,,"Storekeeper: PRIYANK PATEL (DISPATCH {VALSAD})
Items: 29
Total quantity: 910",false,
90,READY≈DESP,64447,56{MH-46-BF-3825},4,2025-04-03T06:13:55.529Z,,"Storekeeper: YAGNIK PATEL (BILLING)
Items: 23
Total quantity: 333",false,
97,READY≈DESP,64405,56{MH-46-BF-3825},7,2025-04-03T07:13:15.814Z,,"Storekeeper: DIVYESH PATEL (DISPATCH {VALSAD})
Items: 33
Total quantity: 940",false,
105,READY≈DESP,64403,56{MH-46-BF-3825},7,2025-04-03T09:23:26.256Z,,"Storekeeper: DIVYESH PATEL (DISPATCH {VALSAD})
Items: 28
Total quantity: 766",false,2025-04-03T00:00:00.000Z
78,READY≈DESP,64411,56{MH-46-BF-3825},9,2025-04-03T04:25:56.711Z,,"Storekeeper: PRIYANK PATEL (DISPATCH {VALSAD})
Items: 31
Total quantity: 885",false,
113,READY≈DESP,64419,56{MH-46-BF-3825},3,2025-04-03T13:01:48.110Z,,"Storekeeper: Yash patel (IT)
Items: 30
Total quantity: 857",false,2025-04-03T00:00:00.000Z
102,READY≈DESP,64421,56{MH-46-BF-3825},5,2025-04-03T08:53:20.868Z,,"Storekeeper: BADELAL VARMA (DISPATCH {VALSAD})
Items: 38
Total quantity: 859",false,2025-04-03T00:00:00.000Z
111,READY≈DESP,64406,56{MH-46-BF-3825},5,2025-04-03T10:28:19.804Z,,"Storekeeper: BADELAL VARMA (DISPATCH {VALSAD})
Items: 28
Total quantity: 154",false,2025-04-03T00:00:00.000Z
110,READY≈DESP,64444,56{MH-46-BF-3825},4,2025-04-03T10:26:29.954Z,,"Storekeeper: YAGNIK PATEL (BILLING)
Items: 52
Total quantity: 870",false,2025-04-03T00:00:00.000Z
93,READY≈DESP,64430,56{MH-46-BF-3825},9,2025-04-03T06:21:14.016Z,,"Storekeeper: PRIYANK PATEL (DISPATCH {VALSAD})
Items: 44
Total quantity: 737",false,
106,READY≈DESP,64407,56{MH-46-BF-3825},5,2025-04-03T09:46:20.152Z,,"Storekeeper: BADELAL VARMA (DISPATCH {VALSAD})
Items: 49
Total quantity: 749",false,2025-04-03T00:00:00.000Z
108,READY≈DESP,64415,56{MH-46-BF-3825},6,2025-04-03T09:54:31.370Z,,"Storekeeper: PRIYANK PATEL (DISPATCH {VALSAD})
Items: 58
Total quantity: 629",false,2025-04-03T00:00:00.000Z
117,READY≈DESP,64512,56{MH-46-BF-3825},11,2025-04-03T14:24:26.118Z,,"Storekeeper: DIVYANG PATEL (DISPATCH {VALSAD})
Items: 29
Total quantity: 787",false,2025-04-04T00:00:00.000Z
115,READY≈DESP,64515,56{MH-46-BF-3825},16,2025-04-03T13:27:03.834Z,,"Storekeeper: TEJASH M PATEL (DISPATCH {VALSAD})
Items: 45
Total quantity: 758",false,2025-04-04T00:00:00.000Z
73,READY≈DESP,64434,56{MH-46-BF-3825},5,2025-04-03T03:48:54.756Z,,"Storekeeper: BADELAL VARMA (DISPATCH {VALSAD})
Items: 46
Total quantity: 900",false,
118,READY≈DESP,64489,56{MH-46-BF-3825},16,2025-04-03T14:43:36.735Z,,"Storekeeper: TEJASH M PATEL (DISPATCH {VALSAD})
Items: 33
Total quantity: 668",false,2025-04-04T00:00:00.000Z
333,READY≈DESP,64629,56{MH-46-BF-3825},3,2025-04-07T13:05:28.153Z,,"Storekeeper: Yash patel (IT)
Items: 4
Total quantity: 300",false,2025-04-06T00:00:00.000Z
116,READY≈DESP,64500,56{MH-46-BF-3825},11,2025-04-03T13:41:00.625Z,,"Storekeeper: DIVYANG PATEL (DISPATCH {VALSAD})
Items: 23
Total quantity: 887",false,2025-04-04T00:00:00.000Z
125,READY≈DESP,64484,56{MH-46-BF-3825},12,2025-04-04T03:46:47.663Z,,"Storekeeper: AKSHAY PATEL (DISPATCH {VALSAD})
Items: 50
Total quantity: 664",false,2025-04-04T00:00:00.000Z
140,READY≈DESP,64506,56{MH-46-BF-3825},5,2025-04-04T06:22:40.177Z,,"Storekeeper: BADELAL VARMA (DISPATCH {VALSAD})
Items: 58
Total quantity: 892",false,2025-04-04T00:00:00.000Z
119,READY≈DESP,64511,56{MH-46-BF-3825},11,2025-04-03T16:07:19.696Z,,"Storekeeper: DIVYANG PATEL (DISPATCH {VALSAD})
Items: 41
Total quantity: 744",false,2025-04-04T00:00:00.000Z
120,READY≈DESP,64499,56{MH-46-BF-3825},13,2025-04-03T16:15:41.284Z,,"Storekeeper: DEVEN PATEL (DISPATCH {VALSAD})
Items: 44
Total quantity: 838",false,2025-04-04T00:00:00.000Z
121,READY≈DESP,64509,56{MH-46-BF-3825},13,2025-04-03T17:33:25.505Z,,"Storekeeper: DEVEN PATEL (DISPATCH {VALSAD})
Items: 41
Total quantity: 893",false,2025-04-04T00:00:00.000Z
123,READY≈DESP,64505,56{MH-46-BF-3825},11,2025-04-03T17:49:36.845Z,,"Storekeeper: DIVYANG PATEL (DISPATCH {VALSAD})
Items: 45
Total quantity: 890",false,2025-04-04T00:00:00.000Z
124,READY≈DESP,64501,56{MH-46-BF-3825},13,2025-04-04T03:41:07.696Z,,"Storekeeper: DEVEN PATEL (DISPATCH {VALSAD})
Items: 20
Total quantity: 790",false,2025-04-04T00:00:00.000Z
127,READY≈DESP,64486,56{MH-46-BF-3825},4,2025-04-04T04:15:53.969Z,,"Storekeeper: YAGNIK PATEL (BILLING)
Items: 54
Total quantity: 849",false,2025-04-04T00:00:00.000Z
122,READY≈DESP,64504,56{MH-46-BF-3825},16,2025-04-03T17:38:20.064Z,,"Storekeeper: TEJASH M PATEL (DISPATCH {VALSAD})
Items: 46
Total quantity: 776",false,2025-04-04T00:00:00.000Z
146,READY≈DESP,64510,56{MH-46-BF-3825},4,2025-04-04T07:09:56.142Z,,"Storekeeper: YAGNIK PATEL (BILLING)
Items: 63
Total quantity: 761",false,2025-04-04T00:00:00.000Z
144,READY≈DESP,64498,56{MH-46-BF-3825},9,2025-04-04T07:00:32.465Z,,"Storekeeper: PRIYANK PATEL (DISPATCH {VALSAD})
Items: 46
Total quantity: 879",false,2025-04-04T00:00:00.000Z
138,READY≈DESP,64503,56{MH-46-BF-3825},6,2025-04-04T05:59:11.584Z,,"Storekeeper: PRIYANK PATEL (DISPATCH {VALSAD})
Items: 55
Total quantity: 927",false,2025-04-04T00:00:00.000Z
126,READY≈DESP,64502,56{MH-46-BF-3825},9,2025-04-04T03:50:46.852Z,,"Storekeeper: PRIYANK PATEL (DISPATCH {VALSAD})
Items: 67
Total quantity: 969",false,2025-04-04T00:00:00.000Z
155,READY≈DESP,64476,56{MH-46-BF-3825},12,2025-04-04T11:03:53.846Z,,"Storekeeper: AKSHAY PATEL (DISPATCH {VALSAD})
Items: 0
Total quantity: 883",false,2025-04-04T00:00:00.000Z
130,READY≈DESP,64493,56{MH-46-BF-3825},4,2025-04-04T04:36:20.122Z,,"Storekeeper: YAGNIK PATEL (BILLING)
Items: 78
Total quantity: 840",false,2025-04-04T00:00:00.000Z
154,READY≈DESP,64507,56{MH-46-BF-3825},5,2025-04-04T11:02:27.176Z,,"Storekeeper: BADELAL VARMA (DISPATCH {VALSAD})
Items: 0
Total quantity: 874",false,2025-04-04T00:00:00.000Z
134,READY≈DESP,64480,56{MH-46-BF-3825},12,2025-04-04T05:25:29.895Z,,"Storekeeper: AKSHAY PATEL (DISPATCH {VALSAD})
Items: 29
Total quantity: 402",false,2025-04-04T00:00:00.000Z
131,READY≈DESP,64487,56{MH-46-BF-3825},12,2025-04-04T04:38:00.252Z,,"Storekeeper: AKSHAY PATEL (DISPATCH {VALSAD})
Items: 80
Total quantity: 897",false,2025-04-04T00:00:00.000Z
149,READY≈DESP,64514,56{MH-46-BF-3825},9,2025-04-04T08:42:32.436Z,,"Storekeeper: PRIYANK PATEL (DISPATCH {VALSAD})
Items: 21
Total quantity: 433",false,2025-04-04T00:00:00.000Z
133,READY≈DESP,64495,56{MH-46-BF-3825},5,2025-04-04T05:11:02.877Z,,"Storekeeper: BADELAL VARMA (DISPATCH {VALSAD})
Items: 24
Total quantity: 354",false,2025-04-04T00:00:00.000Z
129,READY≈DESP,64494,56{MH-46-BF-3825},5,2025-04-04T04:34:38.844Z,,"Storekeeper: BADELAL VARMA (DISPATCH {VALSAD})
Items: 29
Total quantity: 322",false,2025-04-04T00:00:00.000Z
128,READY≈DESP,64485,56{MH-46-BF-3825},6,2025-04-04T04:29:26.391Z,,"Storekeeper: PRIYANK PATEL (DISPATCH {VALSAD})
Items: 49
Total quantity: 769",false,2025-04-04T00:00:00.000Z
148,READY≈DESP,64513,56{MH-46-BF-3825},6,2025-04-04T08:16:42.697Z,,"Storekeeper: PRIYANK PATEL (DISPATCH {VALSAD})
Items: 46
Total quantity: 505",false,2025-04-04T00:00:00.000Z
137,READY≈DESP,64479,56{MH-46-BF-3825},12,2025-04-04T05:43:32.451Z,,"Storekeeper: AKSHAY PATEL (DISPATCH {VALSAD})
Items: 38
Total quantity: 322",false,2025-04-04T00:00:00.000Z
135,READY≈DESP,64488,56{MH-46-BF-3825},5,2025-04-04T05:28:41.628Z,,"Storekeeper: BADELAL VARMA (DISPATCH {VALSAD})
Items: 47
Total quantity: 817",false,2025-04-04T00:00:00.000Z
139,READY≈DESP,64496,56{MH-46-BF-3825},12,2025-04-04T06:02:08.635Z,,"Storekeeper: AKSHAY PATEL (DISPATCH {VALSAD})
Items: 37
Total quantity: 938",false,2025-04-04T00:00:00.000Z
145,READY≈DESP,64478,56{MH-46-BF-3825},5,2025-04-04T07:04:21.386Z,,"Storekeeper: BADELAL VARMA (DISPATCH {VALSAD})
Items: 34
Total quantity: 317",false,2025-04-04T00:00:00.000Z
147,READY≈DESP,64477,56{MH-46-BF-3825},5,2025-04-04T08:06:32.979Z,,"Storekeeper: BADELAL VARMA (DISPATCH {VALSAD})
Items: 32
Total quantity: 602",false,2025-04-04T00:00:00.000Z
152,READY≈DESP,64508,56{MH-46-BF-3825},12,2025-04-04T10:35:51.197Z,,"Storekeeper: AKSHAY PATEL (DISPATCH {VALSAD})
Items: 0
Total quantity: 871",false,2025-04-04T00:00:00.000Z
143,READY≈DESP,64492,56{MH-46-BF-3825},12,2025-04-04T06:45:09.362Z,,"Storekeeper: AKSHAY PATEL (DISPATCH {VALSAD})
Items: 44
Total quantity: 868",false,2025-04-04T00:00:00.000Z
153,READY≈DESP,64483,56{MH-46-BF-3825},9,2025-04-04T10:36:51.222Z,,"Storekeeper: PRIYANK PATEL (DISPATCH {VALSAD})
Items: 64
Total quantity: 654",false,2025-04-04T00:00:00.000Z
159,READY≈DESP,64475,56{MH-46-BF-3825},5,2025-04-04T11:43:26.864Z,,"Storekeeper: BADELAL VARMA (DISPATCH {VALSAD})
Items: 0
Total quantity: 866",false,2025-04-04T00:00:00.000Z
158,READY≈DESP,64482,56{MH-46-BF-3825},5,2025-04-04T11:21:27.588Z,,"Storekeeper: BADELAL VARMA (DISPATCH {VALSAD})
Items: 0
Total quantity: 491",false,2025-04-04T00:00:00.000Z
136,READY≈DESP,64491,56{MH-46-BF-3825},5,2025-04-04T05:32:26.485Z,,"Storekeeper: BADELAL VARMA (DISPATCH {VALSAD})
Items: 25
Total quantity: 842",false,2025-04-04T00:00:00.000Z
157,READY≈DESP,64481,56{MH-46-BF-3825},5,2025-04-04T11:20:57.933Z,,"Storekeeper: BADELAL VARMA (DISPATCH {VALSAD})
Items: 0
Total quantity: 336",false,2025-04-04T00:00:00.000Z
156,READY≈DESP,64490,56{MH-46-BF-3825},12,2025-04-04T11:11:58.527Z,,"Storekeeper: AKSHAY PATEL (DISPATCH {VALSAD})
Items: 0
Total quantity: 678",false,2025-04-04T00:00:00.000Z
160,READY≈DESP,64497,56{MH-46-BF-3825},5,2025-04-04T14:01:24.638Z,,"Storekeeper: BADELAL VARMA (DISPATCH {VALSAD})
Items: 0
Total quantity: 951",false,2025-04-04T00:00:00.000Z
164,READY≈DESP,64578,56{MH-46-BF-3825},11,2025-04-04T17:58:52.475Z,,"Storekeeper: DIVYANG PATEL (DISPATCH {VALSAD})
Items: 8
Total quantity: 826",false,2025-04-05T00:00:00.000Z
165,READY≈DESP,64570,56{MH-46-BF-3825},16,2025-04-04T18:07:01.201Z,,"Storekeeper: TEJASH M PATEL (DISPATCH {VALSAD})
Items: 38
Total quantity: 906",false,2025-04-05T00:00:00.000Z
170,READY≈DESP,64559,56{MH-46-BF-3825},11,2025-04-04T19:24:31.900Z,,"Storekeeper: DIVYANG PATEL (DISPATCH {VALSAD})
Items: 50
Total quantity: 723",false,2025-04-05T00:00:00.000Z
168,READY≈DESP,64542,56{MH-46-BF-3825},11,2025-04-04T18:20:07.113Z,,"Storekeeper: DIVYANG PATEL (DISPATCH {VALSAD})
Items: 31
Total quantity: 840",false,2025-04-05T00:00:00.000Z
167,READY≈DESP,64572,56{MH-46-BF-3825},16,2025-04-04T18:19:21.353Z,,"Storekeeper: TEJASH M PATEL (DISPATCH {VALSAD})
Items: 35
Total quantity: 882",false,2025-04-05T00:00:00.000Z
166,READY≈DESP,64549,56{MH-46-BF-3825},16,2025-04-04T18:13:32.509Z,,"Storekeeper: TEJASH M PATEL (DISPATCH {VALSAD})
Items: 54
Total quantity: 827",false,2025-04-05T00:00:00.000Z
205,READY≈DESP,64544,56{MH-46-BF-3825},12,2025-04-05T09:54:54.181Z,,"Storekeeper: AKSHAY PATEL (DISPATCH {VALSAD})
Items: 31
Total quantity: 427",false,2025-04-05T00:00:00.000Z
189,READY≈DESP,64563,56{MH-46-BF-3825},12,2025-04-05T06:25:29.866Z,,"Storekeeper: AKSHAY PATEL (DISPATCH {VALSAD})
Items: 45
Total quantity: 748",false,2025-04-05T00:00:00.000Z
204,READY≈DESP,64538,56{MH-46-BF-3825},4,2025-04-05T09:50:07.172Z,,"Storekeeper: YAGNIK PATEL (BILLING)
Items: 41
Total quantity: 394",false,2025-04-05T00:00:00.000Z
193,READY≈DESP,64550,56{MH-46-BF-3825},5,2025-04-05T06:51:18.672Z,,"Storekeeper: BADELAL VARMA (DISPATCH {VALSAD})
Items: 6
Total quantity: 118",false,2025-04-05T00:00:00.000Z
174,READY≈DESP,64577,56{MH-46-BF-3825},5,2025-04-05T04:06:38.208Z,,"Storekeeper: BADELAL VARMA (DISPATCH {VALSAD})
Items: 36
Total quantity: 682",false,2025-04-05T00:00:00.000Z
190,READY≈DESP,64551,56{MH-46-BF-3825},5,2025-04-05T06:26:32.766Z,,"Storekeeper: BADELAL VARMA (DISPATCH {VALSAD})
Items: 44
Total quantity: 578",false,2025-04-05T00:00:00.000Z
175,READY≈DESP,64562,56{MH-46-BF-3825},4,2025-04-05T04:09:09.521Z,,"Storekeeper: YAGNIK PATEL (BILLING)
Items: 34
Total quantity: 859",false,2025-04-05T00:00:00.000Z
185,READY≈DESP,64560,56{MH-46-BF-3825},4,2025-04-05T05:59:59.230Z,,"Storekeeper: YAGNIK PATEL (BILLING)
Items: 39
Total quantity: 553",false,2025-04-05T00:00:00.000Z
176,READY≈DESP,64541,56{MH-46-BF-3825},4,2025-04-05T04:10:08.627Z,,"Storekeeper: YAGNIK PATEL (BILLING)
Items: 38
Total quantity: 488",false,2025-04-05T00:00:00.000Z
172,READY≈DESP,64546,56{MH-46-BF-3825},5,2025-04-05T03:48:36.962Z,,"Storekeeper: BADELAL VARMA (DISPATCH {VALSAD})
Items: 56
Total quantity: 880",false,2025-04-05T00:00:00.000Z
177,READY≈DESP,64540,56{MH-46-BF-3825},4,2025-04-05T04:13:21.008Z,,"Storekeeper: YAGNIK PATEL (BILLING)
Items: 31
Total quantity: 350",false,2025-04-05T00:00:00.000Z
178,READY≈DESP,64557,56{MH-46-BF-3825},4,2025-04-05T04:15:42.089Z,,"Storekeeper: YAGNIK PATEL (BILLING)
Items: 34
Total quantity: 899",false,2025-04-05T00:00:00.000Z
173,READY≈DESP,64558,56{MH-46-BF-3825},4,2025-04-05T03:56:10.337Z,,"Storekeeper: YAGNIK PATEL (BILLING)
Items: 28
Total quantity: 808",false,2025-04-05T00:00:00.000Z
183,READY≈DESP,64535,56{MH-46-BF-3825},12,2025-04-05T05:58:57.890Z,,"Storekeeper: AKSHAY PATEL (DISPATCH {VALSAD})
Items: 32
Total quantity: 459",false,2025-04-05T00:00:00.000Z
198,READY≈DESP,64567,56{MH-46-BF-3825},5,2025-04-05T08:45:09.607Z,,"Storekeeper: BADELAL VARMA (DISPATCH {VALSAD})
Items: 31
Total quantity: 847",false,2025-04-05T00:00:00.000Z
184,READY≈DESP,64561,56{MH-46-BF-3825},4,2025-04-05T05:59:29.498Z,,"Storekeeper: YAGNIK PATEL (BILLING)
Items: 31
Total quantity: 323",false,2025-04-05T00:00:00.000Z
188,READY≈DESP,64554,56{MH-46-BF-3825},5,2025-04-05T06:03:41.531Z,,"Storekeeper: BADELAL VARMA (DISPATCH {VALSAD})
Items: 39
Total quantity: 616",false,2025-04-05T00:00:00.000Z
199,READY≈DESP,64574,56{MH-46-BF-3825},12,2025-04-05T08:53:58.242Z,,"Storekeeper: AKSHAY PATEL (DISPATCH {VALSAD})
Items: 52
Total quantity: 886",false,2025-04-05T00:00:00.000Z
187,READY≈DESP,64555,56{MH-46-BF-3825},5,2025-04-05T06:02:37.354Z,,"Storekeeper: BADELAL VARMA (DISPATCH {VALSAD})
Items: 8
Total quantity: 271",false,2025-04-05T00:00:00.000Z
179,READY≈DESP,64571,56{MH-46-BF-3825},4,2025-04-05T04:23:14.640Z,,"Storekeeper: YAGNIK PATEL (BILLING)
Items: 45
Total quantity: 878",false,2025-04-05T00:00:00.000Z
180,READY≈DESP,64564,56{MH-46-BF-3825},5,2025-04-05T04:31:46.858Z,,"Storekeeper: BADELAL VARMA (DISPATCH {VALSAD})
Items: 40
Total quantity: 965",false,2025-04-05T00:00:00.000Z
182,READY≈DESP,64534,56{MH-46-BF-3825},12,2025-04-05T05:55:45.529Z,,"Storekeeper: AKSHAY PATEL (DISPATCH {VALSAD})
Items: 47
Total quantity: 407",false,2025-04-05T00:00:00.000Z
202,READY≈DESP,64543,56{MH-46-BF-3825},12,2025-04-05T09:43:23.759Z,,"Storekeeper: AKSHAY PATEL (DISPATCH {VALSAD})
Items: 8
Total quantity: 492",false,2025-04-05T00:00:00.000Z
181,READY≈DESP,64545,56{MH-46-BF-3825},12,2025-04-05T04:36:17.105Z,,"Storekeeper: AKSHAY PATEL (DISPATCH {VALSAD})
Items: 52
Total quantity: 825",false,2025-04-05T00:00:00.000Z
186,READY≈DESP,64536,56{MH-46-BF-3825},4,2025-04-05T06:01:35.757Z,,"Storekeeper: YAGNIK PATEL (BILLING)
Items: 38
Total quantity: 838",false,2025-04-05T00:00:00.000Z
201,READY≈DESP,64552,56{MH-46-BF-3825},4,2025-04-05T09:39:07.284Z,,"Storekeeper: YAGNIK PATEL (BILLING)
Items: 23
Total quantity: 685",false,2025-04-05T00:00:00.000Z
171,READY≈DESP,64537,56{MH-46-BF-3825},12,2025-04-05T03:47:05.451Z,,"Storekeeper: AKSHAY PATEL (DISPATCH {VALSAD})
Items: 35
Total quantity: 826",false,2025-04-05T00:00:00.000Z
192,READY≈DESP,64573,56{MH-46-BF-3825},4,2025-04-05T06:36:43.808Z,,"Storekeeper: YAGNIK PATEL (BILLING)
Items: 54
Total quantity: 935",false,2025-04-05T00:00:00.000Z
207,READY≈DESP,64533,56{MH-46-BF-3825},5,2025-04-05T10:25:45.953Z,,"Storekeeper: BADELAL VARMA (DISPATCH {VALSAD})
Items: 61
Total quantity: 580",false,2025-04-05T00:00:00.000Z
195,READY≈DESP,64576,56{MH-46-BF-3825},5,2025-04-05T07:56:50.898Z,,"Storekeeper: BADELAL VARMA (DISPATCH {VALSAD})
Items: 67
Total quantity: 919",false,2025-04-05T00:00:00.000Z
191,READY≈DESP,64569,56{MH-46-BF-3825},12,2025-04-05T06:32:04.199Z,,"Storekeeper: AKSHAY PATEL (DISPATCH {VALSAD})
Items: 47
Total quantity: 920",false,2025-04-05T00:00:00.000Z
320,READY≈DESP,64647,56{MH-46-BF-3825},5,2025-04-07T11:04:13.033Z,,"Storekeeper: BADELAL VARMA (DISPATCH {VALSAD})
Items: 33
Total quantity: 870",false,2025-04-07T00:00:00.000Z
194,READY≈DESP,64566,56{MH-46-BF-3825},12,2025-04-05T07:19:53.720Z,,"Storekeeper: AKSHAY PATEL (DISPATCH {VALSAD})
Items: 25
Total quantity: 238",false,2025-04-05T00:00:00.000Z
196,READY≈DESP,64565,56{MH-46-BF-3825},12,2025-04-05T07:57:14.570Z,,"Storekeeper: AKSHAY PATEL (DISPATCH {VALSAD})
Items: 31
Total quantity: 479",false,2025-04-05T00:00:00.000Z
206,READY≈DESP,64532,56{MH-46-BF-3825},5,2025-04-05T10:11:37.338Z,,"Storekeeper: BADELAL VARMA (DISPATCH {VALSAD})
Items: 39
Total quantity: 215",false,2025-04-05T00:00:00.000Z
200,READY≈DESP,64575,56{MH-46-BF-3825},5,2025-04-05T09:24:03.267Z,,"Storekeeper: BADELAL VARMA (DISPATCH {VALSAD})
Items: 25
Total quantity: 742",false,2025-04-05T00:00:00.000Z
203,READY≈DESP,64539,56{MH-46-BF-3825},4,2025-04-05T09:49:35.298Z,,"Storekeeper: YAGNIK PATEL (BILLING)
Items: 54
Total quantity: 528",false,2025-04-05T00:00:00.000Z
197,READY≈DESP,64568,56{MH-46-BF-3825},4,2025-04-05T08:37:42.279Z,,"Storekeeper: YAGNIK PATEL (BILLING)
Items: 63
Total quantity: 917",false,2025-04-05T00:00:00.000Z
327,READY≈DESP,64623,56{MH-46-BF-3825},3,2025-04-07T12:27:12.556Z,,"Storekeeper: Yash patel (IT)
Items: 37
Total quantity: 780",false,2025-04-06T00:00:00.000Z
208,READY≈DESP,64553,56{MH-46-BF-3825},11,2025-04-05T11:56:24.392Z,,"Storekeeper: DIVYANG PATEL (DISPATCH {VALSAD})
Items: 69
Total quantity: 988",false,2025-04-05T00:00:00.000Z
209,READY≈DESP,64548,56{MH-46-BF-3825},16,2025-04-05T12:34:12.825Z,,"Storekeeper: TEJASH M PATEL (DISPATCH {VALSAD})
Items: 41
Total quantity: 381",false,2025-04-05T00:00:00.000Z
217,READY≈DESP,64589,56{MH-46-BF-3825},16,2025-04-05T16:11:54.122Z,,"Storekeeper: TEJASH M PATEL (DISPATCH {VALSAD})
Items: 40
Total quantity: 890",false,2025-04-06T00:00:00.000Z
239,READY≈DESP,64611,56{MH-46-BF-3825},11,2025-04-06T03:39:27.357Z,,"Storekeeper: DIVYANG PATEL (DISPATCH {VALSAD})
Items: 0
Total quantity: 962",false,2025-04-06T00:00:00.000Z
275,READY≈DESP,64661,56{MH-46-BF-3825},4,2025-04-07T03:57:47.599Z,,"Storekeeper: YAGNIK PATEL (BILLING)
Items: 44
Total quantity: 900",false,2025-04-07T00:00:00.000Z
253,READY≈DESP,64621,56{MH-46-BF-3825},13,2025-04-06T05:26:56.586Z,,"Storekeeper: DEVEN PATEL (DISPATCH {VALSAD})
Items: 47
Total quantity: 908",false,2025-04-06T00:00:00.000Z
269,READY≈DESP,64591,56{MH-46-BF-3825},16,2025-04-06T12:09:03.871Z,,"Storekeeper: TEJASH M PATEL (DISPATCH {VALSAD})
Items: 7
Total quantity: 420",false,2025-04-06T00:00:00.000Z
323,READY≈DESP,64674,56{MH-46-BF-3825},12,2025-04-07T12:09:30.664Z,,"Storekeeper: AKSHAY PATEL (DISPATCH {VALSAD})
Items: 19
Total quantity: 859",false,2025-04-07T00:00:00.000Z
244,READY≈DESP,64593,56{MH-46-BF-3825},16,2025-04-06T04:24:53.758Z,,"Storekeeper: TEJASH M PATEL (DISPATCH {VALSAD})
Items: 28
Total quantity: 842",false,2025-04-06T00:00:00.000Z
282,READY≈DESP,64658,56{MH-46-BF-3825},12,2025-04-07T05:09:16.393Z,,"Storekeeper: AKSHAY PATEL (DISPATCH {VALSAD})
Items: 74
Total quantity: 801",false,2025-04-07T00:00:00.000Z
270,READY≈DESP,64592,56{MH-46-BF-3825},16,2025-04-06T12:27:51.898Z,,"Storekeeper: TEJASH M PATEL (DISPATCH {VALSAD})
Items: 6
Total quantity: 408",false,2025-04-06T00:00:00.000Z
247,READY≈DESP,64599,56{MH-46-BF-3825},11,2025-04-06T04:38:27.012Z,,"Storekeeper: DIVYANG PATEL (DISPATCH {VALSAD})
Items: 66
Total quantity: 571",false,2025-04-06T00:00:00.000Z
246,READY≈DESP,64600,56{MH-46-BF-3825},11,2025-04-06T04:38:01.911Z,,"Storekeeper: DIVYANG PATEL (DISPATCH {VALSAD})
Items: 4
Total quantity: 128",false,2025-04-06T00:00:00.000Z
241,READY≈DESP,64606,56{MH-46-BF-3825},12,2025-04-06T03:44:03.106Z,,"Storekeeper: AKSHAY PATEL (DISPATCH {VALSAD})
Items: 0
Total quantity: 884",false,2025-04-06T00:00:00.000Z
245,READY≈DESP,64609,56{MH-46-BF-3825},12,2025-04-06T04:32:19.357Z,,"Storekeeper: AKSHAY PATEL (DISPATCH {VALSAD})
Items: 54
Total quantity: 812",false,2025-04-06T00:00:00.000Z
242,READY≈DESP,64619,56{MH-46-BF-3825},5,2025-04-06T03:57:02.018Z,,"Storekeeper: BADELAL VARMA (DISPATCH {VALSAD})
Items: 0
Total quantity: 977",false,2025-04-06T00:00:00.000Z
250,READY≈DESP,64604,56{MH-46-BF-3825},13,2025-04-06T05:15:23.954Z,,"Storekeeper: DEVEN PATEL (DISPATCH {VALSAD})
Items: 49
Total quantity: 915",false,2025-04-06T00:00:00.000Z
248,READY≈DESP,64607,56{MH-46-BF-3825},11,2025-04-06T05:09:44.970Z,,"Storekeeper: DIVYANG PATEL (DISPATCH {VALSAD})
Items: 42
Total quantity: 872",false,2025-04-06T00:00:00.000Z
251,READY≈DESP,64615,56{MH-46-BF-3825},12,2025-04-06T05:22:12.076Z,,"Storekeeper: AKSHAY PATEL (DISPATCH {VALSAD})
Items: 9
Total quantity: 196",false,2025-04-06T00:00:00.000Z
266,READY≈DESP,64633,56{MH-46-BF-3825},5,2025-04-06T11:44:33.284Z,,"Storekeeper: BADELAL VARMA (DISPATCH {VALSAD})
Items: 11
Total quantity: 973",false,2025-04-06T00:00:00.000Z
271,READY≈DESP,64620,56{MH-46-BF-3825},16,2025-04-06T13:15:17.317Z,,"Storekeeper: TEJASH M PATEL (DISPATCH {VALSAD})
Items: 59
Total quantity: 855",false,2025-04-06T00:00:00.000Z
272,READY≈DESP,64625,56{MH-46-BF-3825},16,2025-04-06T14:38:29.806Z,,"Storekeeper: TEJASH M PATEL (DISPATCH {VALSAD})
Items: 51
Total quantity: 883",false,2025-04-06T00:00:00.000Z
267,READY≈DESP,64595,56{MH-46-BF-3825},5,2025-04-06T11:45:58.271Z,,"Storekeeper: BADELAL VARMA (DISPATCH {VALSAD})
Items: 53
Total quantity: 979",false,2025-04-06T00:00:00.000Z
268,READY≈DESP,64601,56{MH-46-BF-3825},5,2025-04-06T11:48:49.536Z,,"Storekeeper: BADELAL VARMA (DISPATCH {VALSAD})
Items: 50
Total quantity: 869",false,2025-04-06T00:00:00.000Z
289,READY≈DESP,64654,56{MH-46-BF-3825},4,2025-04-07T06:10:21.725Z,,"Storekeeper: YAGNIK PATEL (BILLING)
Items: 59
Total quantity: 851",false,2025-04-07T00:00:00.000Z
288,READY≈DESP,64672,56{MH-46-BF-3825},4,2025-04-07T05:59:18.525Z,,"Storekeeper: YAGNIK PATEL (BILLING)
Items: 54
Total quantity: 732",false,2025-04-07T00:00:00.000Z
296,READY≈DESP,64649,56{MH-46-BF-3825},4,2025-04-07T07:21:35.129Z,,"Storekeeper: YAGNIK PATEL (BILLING)
Items: 68
Total quantity: 949",false,2025-04-07T00:00:00.000Z
300,READY≈DESP,64656,56{MH-46-BF-3825},4,2025-04-07T08:45:20.559Z,,"Storekeeper: YAGNIK PATEL (BILLING)
Items: 60
Total quantity: 807",false,2025-04-07T00:00:00.000Z
273,READY≈DESP,64676,56{MH-46-BF-3825},16,2025-04-06T17:58:19.040Z,,"Storekeeper: TEJASH M PATEL (DISPATCH {VALSAD})
Items: 41
Total quantity: 873",false,2025-04-07T00:00:00.000Z
283,READY≈DESP,64670,56{MH-46-BF-3825},12,2025-04-07T05:17:34.171Z,,"Storekeeper: AKSHAY PATEL (DISPATCH {VALSAD})
Items: 23
Total quantity: 569",false,2025-04-07T00:00:00.000Z
279,READY≈DESP,64675,56{MH-46-BF-3825},4,2025-04-07T04:46:57.572Z,,"Storekeeper: YAGNIK PATEL (BILLING)
Items: 22
Total quantity: 892",false,2025-04-07T00:00:00.000Z
287,READY≈DESP,64677,56{MH-46-BF-3825},5,2025-04-07T05:48:56.256Z,,"Storekeeper: BADELAL VARMA (DISPATCH {VALSAD})
Items: 29
Total quantity: 849",false,2025-04-07T00:00:00.000Z
286,READY≈DESP,64671,56{MH-46-BF-3825},12,2025-04-07T05:44:48.671Z,,"Storekeeper: AKSHAY PATEL (DISPATCH {VALSAD})
Items: 18
Total quantity: 413",false,2025-04-07T00:00:00.000Z
277,READY≈DESP,64662,56{MH-46-BF-3825},5,2025-04-07T04:21:31.335Z,,"Storekeeper: BADELAL VARMA (DISPATCH {VALSAD})
Items: 6
Total quantity: 252",false,2025-04-07T00:00:00.000Z
284,READY≈DESP,64547,56{MH-46-BF-3825},3,2025-04-07T05:21:45.899Z,,"Storekeeper: Yash patel (IT)
Items: 47
Total quantity: 454",false,2025-04-05T00:00:00.000Z
274,READY≈DESP,64650,56{MH-46-BF-3825},6,2025-04-06T19:19:42.508Z,,"Storekeeper: PRIYANK PATEL (DISPATCH {VALSAD})
Items: 70
Total quantity: 955",false,2025-04-07T00:00:00.000Z
280,READY≈DESP,64653,56{MH-46-BF-3825},5,2025-04-07T04:52:24.028Z,,"Storekeeper: BADELAL VARMA (DISPATCH {VALSAD})
Items: 52
Total quantity: 881",false,2025-04-07T00:00:00.000Z
276,READY≈DESP,64663,56{MH-46-BF-3825},5,2025-04-07T04:19:02.288Z,,"Storekeeper: BADELAL VARMA (DISPATCH {VALSAD})
Items: 9
Total quantity: 568",false,2025-04-07T00:00:00.000Z
278,READY≈DESP,64660,56{MH-46-BF-3825},5,2025-04-07T04:27:27.486Z,,"Storekeeper: BADELAL VARMA (DISPATCH {VALSAD})
Items: 48
Total quantity: 813",false,2025-04-07T00:00:00.000Z
285,READY≈DESP,64673,56{MH-46-BF-3825},4,2025-04-07T05:31:48.619Z,,"Storekeeper: YAGNIK PATEL (BILLING)
Items: 53
Total quantity: 907",false,2025-04-07T00:00:00.000Z
281,READY≈DESP,64657,56{MH-46-BF-3825},5,2025-04-07T04:59:03.402Z,,"Storekeeper: BADELAL VARMA (DISPATCH {VALSAD})
Items: 44
Total quantity: 851",false,2025-04-07T00:00:00.000Z
290,READY≈DESP,64669,56{MH-46-BF-3825},12,2025-04-07T06:13:06.785Z,,"Storekeeper: AKSHAY PATEL (DISPATCH {VALSAD})
Items: 26
Total quantity: 885",false,2025-04-07T00:00:00.000Z
295,READY≈DESP,64679,56{MH-46-BF-3825},5,2025-04-07T07:18:30.621Z,,"Storekeeper: BADELAL VARMA (DISPATCH {VALSAD})
Items: 30
Total quantity: 743",false,2025-04-07T00:00:00.000Z
298,READY≈DESP,64664,56{MH-46-BF-3825},12,2025-04-07T07:55:38.019Z,,"Storekeeper: AKSHAY PATEL (DISPATCH {VALSAD})
Items: 54
Total quantity: 917",false,2025-04-07T00:00:00.000Z
293,READY≈DESP,64655,56{MH-46-BF-3825},4,2025-04-07T06:46:59.643Z,,"Storekeeper: YAGNIK PATEL (BILLING)
Items: 35
Total quantity: 801",false,2025-04-07T00:00:00.000Z
299,READY≈DESP,64666,56{MH-46-BF-3825},5,2025-04-07T08:41:11.199Z,,"Storekeeper: BADELAL VARMA (DISPATCH {VALSAD})
Items: 22
Total quantity: 895",false,2025-04-07T00:00:00.000Z
301,READY≈DESP,64586,56{MH-46-BF-3825},3,2025-04-07T09:21:19.473Z,,"Storekeeper: Yash patel (IT)
Items: 50
Total quantity: 960",false,2025-04-06T00:00:00.000Z
291,READY≈DESP,64652,56{MH-46-BF-3825},5,2025-04-07T06:40:28.771Z,,"Storekeeper: BADELAL VARMA (DISPATCH {VALSAD})
Items: 58
Total quantity: 929",false,2025-04-07T00:00:00.000Z
310,READY≈DESP,64598,56{MH-46-BF-3825},3,2025-04-07T10:33:21.025Z,,"Storekeeper: Yash patel (IT)
Items: 44
Total quantity: 709",false,2025-04-06T00:00:00.000Z
338,READY≈DESP,64634,56{MH-46-BF-3825},3,2025-04-07T13:20:34.967Z,,"Storekeeper: Yash patel (IT)
Items: 11
Total quantity: 1193",false,2025-04-06T00:00:00.000Z
343,READY≈DESP,64651,56{MH-46-BF-3825},13,2025-04-07T17:00:19.210Z,,"Storekeeper: DEVEN PATEL (DISPATCH {VALSAD})
Items: 45
Total quantity: 849",false,2025-04-07T00:00:00.000Z
311,READY≈DESP,64602,56{MH-46-BF-3825},3,2025-04-07T10:37:09.597Z,,"Storekeeper: Yash patel (IT)
Items: 54
Total quantity: 899",false,2025-04-06T00:00:00.000Z
312,READY≈DESP,64603,56{MH-46-BF-3825},3,2025-04-07T10:39:57.326Z,,"Storekeeper: Yash patel (IT)
Items: 28
Total quantity: 942",false,2025-04-06T00:00:00.000Z
302,READY≈DESP,64587,56{MH-46-BF-3825},3,2025-04-07T09:27:15.978Z,,"Storekeeper: Yash patel (IT)
Items: 5
Total quantity: 228",false,2025-04-06T00:00:00.000Z
324,READY≈DESP,64617,56{MH-46-BF-3825},3,2025-04-07T12:18:44.565Z,,"Storekeeper: Yash patel (IT)
Items: 23
Total quantity: 755",false,2025-04-06T00:00:00.000Z
313,READY≈DESP,64605,56{MH-46-BF-3825},3,2025-04-07T10:42:00.529Z,,"Storekeeper: Yash patel (IT)
Items: 38
Total quantity: 734",false,2025-04-06T00:00:00.000Z
305,READY≈DESP,64668,56{MH-46-BF-3825},12,2025-04-07T09:33:26.430Z,,"Storekeeper: AKSHAY PATEL (DISPATCH {VALSAD})
Items: 56
Total quantity: 771",false,2025-04-07T00:00:00.000Z
303,READY≈DESP,64667,56{MH-46-BF-3825},5,2025-04-07T09:27:17.406Z,,"Storekeeper: BADELAL VARMA (DISPATCH {VALSAD})
Items: 36
Total quantity: 883",false,2025-04-07T00:00:00.000Z
306,READY≈DESP,64590,56{MH-46-BF-3825},3,2025-04-07T10:12:47.390Z,,"Storekeeper: Yash patel (IT)
Items: 28
Total quantity: 900",false,2025-04-06T00:00:00.000Z
328,READY≈DESP,64624,56{MH-46-BF-3825},3,2025-04-07T12:30:26.914Z,,"Storekeeper: Yash patel (IT)
Items: 41
Total quantity: 756",false,2025-04-06T00:00:00.000Z
304,READY≈DESP,64588,56{MH-46-BF-3825},3,2025-04-07T09:27:34.529Z,,"Storekeeper: Yash patel (IT)
Items: 11
Total quantity: 598",false,2025-04-06T00:00:00.000Z
307,READY≈DESP,64594,56{MH-46-BF-3825},3,2025-04-07T10:20:47.026Z,,"Storekeeper: Yash patel (IT)
Items: 38
Total quantity: 941",false,2025-04-06T00:00:00.000Z
314,READY≈DESP,64608,56{MH-46-BF-3825},3,2025-04-07T10:47:44.320Z,,"Storekeeper: Yash patel (IT)
Items: 51
Total quantity: 972",false,2025-04-06T00:00:00.000Z
308,READY≈DESP,64596,56{MH-46-BF-3825},3,2025-04-07T10:25:48.216Z,,"Storekeeper: Yash patel (IT)
Items: 67
Total quantity: 696",false,2025-04-06T00:00:00.000Z
329,READY≈DESP,64626,56{MH-46-BF-3825},3,2025-04-07T12:34:48.128Z,,"Storekeeper: Yash patel (IT)
Items: 84
Total quantity: 1000",false,2025-04-06T00:00:00.000Z
330,READY≈DESP,64627,56{MH-46-BF-3825},3,2025-04-07T12:40:12.187Z,,"Storekeeper: Yash patel (IT)
Items: 55
Total quantity: 858",false,2025-04-06T00:00:00.000Z
297,READY≈DESP,64659,56{MH-46-BF-3825},12,2025-04-07T07:52:51.926Z,,"Storekeeper: AKSHAY PATEL (DISPATCH {VALSAD})
Items: 90
Total quantity: 725",false,2025-04-07T00:00:00.000Z
309,READY≈DESP,64597,56{MH-46-BF-3825},3,2025-04-07T10:30:08.229Z,,"Storekeeper: Yash patel (IT)
Items: 66
Total quantity: 916",false,2025-04-06T00:00:00.000Z
315,READY≈DESP,64610,56{MH-46-BF-3825},3,2025-04-07T10:50:42.456Z,,"Storekeeper: Yash patel (IT)
Items: 48
Total quantity: 699",false,2025-04-06T00:00:00.000Z
316,READY≈DESP,64612,56{MH-46-BF-3825},3,2025-04-07T10:53:42.122Z,,"Storekeeper: Yash patel (IT)
Items: 33
Total quantity: 831",false,2025-04-06T00:00:00.000Z
334,READY≈DESP,64630,56{MH-46-BF-3825},3,2025-04-07T13:07:40.508Z,,"Storekeeper: Yash patel (IT)
Items: 38
Total quantity: 930",false,2025-04-06T00:00:00.000Z
317,READY≈DESP,64613,56{MH-46-BF-3825},3,2025-04-07T10:57:16.319Z,,"Storekeeper: Yash patel (IT)
Items: 38
Total quantity: 859",false,2025-04-06T00:00:00.000Z
318,READY≈DESP,64614,56{MH-46-BF-3825},3,2025-04-07T11:00:25.395Z,,"Storekeeper: Yash patel (IT)
Items: 11
Total quantity: 543",false,2025-04-06T00:00:00.000Z
332,READY≈DESP,64665,56{MH-46-BF-3825},16,2025-04-07T13:02:09.750Z,,"Storekeeper: TEJASH M PATEL (DISPATCH {VALSAD})
Items: 42
Total quantity: 943",false,2025-04-07T00:00:00.000Z
339,READY≈DESP,64635,56{MH-46-BF-3825},3,2025-04-07T13:22:06.535Z,,"Storekeeper: Yash patel (IT)
Items: 10
Total quantity: 1090",false,2025-04-06T00:00:00.000Z
349,READY≈DESP,64727,56{MH-46-BF-3825},5,2025-04-08T04:14:22.184Z,,"Storekeeper: BADELAL VARMA (DISPATCH {VALSAD})
Items: 40
Total quantity: 743",false,2025-04-08T00:00:00.000Z
321,READY≈DESP,64680,56{MH-46-BF-3825},16,2025-04-07T11:52:20.342Z,,"Storekeeper: TEJASH M PATEL (DISPATCH {VALSAD})
Items: 70
Total quantity: 746",false,2025-04-07T00:00:00.000Z
336,READY≈DESP,64631,56{MH-46-BF-3825},3,2025-04-07T13:14:36.335Z,,"Storekeeper: Yash patel (IT)
Items: 4
Total quantity: 156",false,2025-04-06T00:00:00.000Z
331,READY≈DESP,64628,56{MH-46-BF-3825},3,2025-04-07T12:56:12.210Z,,"Storekeeper: Yash patel (IT)
Items: 34
Total quantity: 516",false,2025-04-06T00:00:00.000Z
341,READY≈DESP,64706,56{MH-46-BF-3825},16,2025-04-07T15:11:57.340Z,,"Storekeeper: TEJASH M PATEL (DISPATCH {VALSAD})
Items: 38
Total quantity: 914",false,2025-04-08T00:00:00.000Z
319,READY≈DESP,64616,56{MH-46-BF-3825},3,2025-04-07T11:02:16.831Z,,"Storekeeper: Yash patel (IT)
Items: 31
Total quantity: 917",false,2025-04-06T00:00:00.000Z
337,READY≈DESP,64632,56{MH-46-BF-3825},3,2025-04-07T13:17:42.915Z,,"Storekeeper: Yash patel (IT)
Items: 11
Total quantity: 973",false,2025-04-06T00:00:00.000Z
340,READY≈DESP,64648,56{MH-46-BF-3825},14,2025-04-07T13:52:53.503Z,,"Storekeeper: YASH S PATEL (DISPATCH {VALSAD})
Items: 60
Total quantity: 876",false,2025-04-07T00:00:00.000Z
347,READY≈DESP,64722,56{MH-46-BF-3825},12,2025-04-08T03:52:49.933Z,,"Storekeeper: AKSHAY PATEL (DISPATCH {VALSAD})
Items: 42
Total quantity: 929",false,2025-04-08T00:00:00.000Z
344,READY≈DESP,64699,56{MH-46-BF-3825},14,2025-04-07T18:01:06.905Z,,"Storekeeper: YASH S PATEL (DISPATCH {VALSAD})
Items: 33
Total quantity: 729",false,2025-04-08T00:00:00.000Z
322,READY≈DESP,64678,56{MH-46-BF-3825},14,2025-04-07T11:58:30.789Z,,"Storekeeper: YASH S PATEL (DISPATCH {VALSAD})
Items: 12
Total quantity: 809",false,2025-04-07T00:00:00.000Z
346,READY≈DESP,64698,56{MH-46-BF-3825},14,2025-04-08T03:52:27.285Z,,"Storekeeper: YASH S PATEL (DISPATCH {VALSAD})
Items: 34
Total quantity: 776",false,2025-04-08T00:00:00.000Z
342,READY≈DESP,64730,56{MH-46-BF-3825},14,2025-04-07T15:16:05.491Z,,"Storekeeper: YASH S PATEL (DISPATCH {VALSAD})
Items: 8
Total quantity: 720",false,2025-04-08T00:00:00.000Z
352,READY≈DESP,64723,56{MH-46-BF-3825},5,2025-04-08T04:50:24.949Z,,"Storekeeper: BADELAL VARMA (DISPATCH {VALSAD})
Items: 47
Total quantity: 911",false,2025-04-08T00:00:00.000Z
348,READY≈DESP,64704,56{MH-46-BF-3825},12,2025-04-08T04:10:36.533Z,,"Storekeeper: AKSHAY PATEL (DISPATCH {VALSAD})
Items: 36
Total quantity: 891",false,2025-04-08T00:00:00.000Z
353,READY≈DESP,64712,56{MH-46-BF-3825},12,2025-04-08T05:00:25.599Z,,"Storekeeper: AKSHAY PATEL (DISPATCH {VALSAD})
Items: 45
Total quantity: 888",false,2025-04-08T00:00:00.000Z
350,READY≈DESP,64726,56{MH-46-BF-3825},12,2025-04-08T04:23:12.810Z,,"Storekeeper: AKSHAY PATEL (DISPATCH {VALSAD})
Items: 47
Total quantity: 915",false,2025-04-08T00:00:00.000Z
351,READY≈DESP,64707,56{MH-46-BF-3825},14,2025-04-08T04:41:21.739Z,,"Storekeeper: YASH S PATEL (DISPATCH {VALSAD})
Items: 28
Total quantity: 667",false,2025-04-08T00:00:00.000Z
358,READY≈DESP,64728,56{MH-46-BF-3825},14,2025-04-08T06:12:51.263Z,,"Storekeeper: YASH S PATEL (DISPATCH {VALSAD})
Items: 42
Total quantity: 826",false,2025-04-08T00:00:00.000Z
354,READY≈DESP,64715,56{MH-46-BF-3825},4,2025-04-08T05:14:47.643Z,,"Storekeeper: YAGNIK PATEL (BILLING)
Items: 34
Total quantity: 514",false,2025-04-08T00:00:00.000Z
345,READY≈DESP,64716,56{MH-46-BF-3825},5,2025-04-08T03:35:51.882Z,,"Storekeeper: BADELAL VARMA (DISPATCH {VALSAD})
Items: 37
Total quantity: 817",false,2025-04-08T00:00:00.000Z
365,READY≈DESP,64725,56{MH-46-BF-3825},14,2025-04-08T07:11:49.138Z,,"Storekeeper: YASH S PATEL (DISPATCH {VALSAD})
Items: 6
Total quantity: 373",false,2025-04-08T00:00:00.000Z
356,READY≈DESP,64729,56{MH-46-BF-3825},14,2025-04-08T05:25:06.065Z,,"Storekeeper: YASH S PATEL (DISPATCH {VALSAD})
Items: 37
Total quantity: 851",false,2025-04-08T00:00:00.000Z
393,READY≈DESP,64788,56{MH-46-BF-3825},4,2025-04-09T04:41:50.354Z,,"Storekeeper: YAGNIK PATEL (BILLING)
Items: 23
Total quantity: 880",false,2025-04-09T00:00:00.000Z
357,READY≈DESP,64718,56{MH-46-BF-3825},5,2025-04-08T05:29:08.140Z,,"Storekeeper: BADELAL VARMA (DISPATCH {VALSAD})
Items: 38
Total quantity: 878",false,2025-04-08T00:00:00.000Z
361,READY≈DESP,64694,56{MH-46-BF-3825},12,2025-04-08T06:43:09.460Z,,"Storekeeper: AKSHAY PATEL (DISPATCH {VALSAD})
Items: 37
Total quantity: 888",false,2025-04-08T00:00:00.000Z
390,READY≈DESP,64711,56{MH-46-BF-3825},16,2025-04-08T14:09:06.843Z,,"Storekeeper: TEJASH M PATEL (DISPATCH {VALSAD})
Items: 44
Total quantity: 838",false,2025-04-08T00:00:00.000Z
368,READY≈DESP,64724,56{MH-46-BF-3825},4,2025-04-08T08:51:02.629Z,,"Storekeeper: YAGNIK PATEL (BILLING)
Items: 27
Total quantity: 429",false,2025-04-08T00:00:00.000Z
371,READY≈DESP,64709,56{MH-46-BF-3825},5,2025-04-08T10:19:19.552Z,,"Storekeeper: BADELAL VARMA (DISPATCH {VALSAD})
Items: 40
Total quantity: 772",false,2025-04-08T00:00:00.000Z
359,READY≈DESP,64710,56{MH-46-BF-3825},5,2025-04-08T06:14:59.632Z,,"Storekeeper: BADELAL VARMA (DISPATCH {VALSAD})
Items: 25
Total quantity: 185",false,2025-04-08T00:00:00.000Z
366,READY≈DESP,64700,56{MH-46-BF-3825},14,2025-04-08T07:21:20.087Z,,"Storekeeper: YASH S PATEL (DISPATCH {VALSAD})
Items: 43
Total quantity: 791",false,2025-04-08T00:00:00.000Z
362,READY≈DESP,64705,56{MH-46-BF-3825},5,2025-04-08T06:43:46.182Z,,"Storekeeper: BADELAL VARMA (DISPATCH {VALSAD})
Items: 24
Total quantity: 823",false,2025-04-08T00:00:00.000Z
364,READY≈DESP,64731,56{MH-46-BF-3825},4,2025-04-08T07:04:32.535Z,,"Storekeeper: YAGNIK PATEL (BILLING)
Items: 53
Total quantity: 777",false,2025-04-08T00:00:00.000Z
355,READY≈DESP,64714,56{MH-46-BF-3825},4,2025-04-08T05:15:01.849Z,,"Storekeeper: YAGNIK PATEL (BILLING)
Items: 6
Total quantity: 212",false,2025-04-08T00:00:00.000Z
367,READY≈DESP,64702,56{MH-46-BF-3825},5,2025-04-08T08:15:57.773Z,,"Storekeeper: BADELAL VARMA (DISPATCH {VALSAD})
Items: 46
Total quantity: 853",false,2025-04-08T00:00:00.000Z
363,READY≈DESP,64717,56{MH-46-BF-3825},12,2025-04-08T06:47:11.201Z,,"Storekeeper: AKSHAY PATEL (DISPATCH {VALSAD})
Items: 45
Total quantity: 863",false,2025-04-08T00:00:00.000Z
369,READY≈DESP,64713,56{MH-46-BF-3825},4,2025-04-08T08:57:05.154Z,,"Storekeeper: YAGNIK PATEL (BILLING)
Items: 43
Total quantity: 875",false,2025-04-08T00:00:00.000Z
370,READY≈DESP,64734,56{MH-46-BF-3825},5,2025-04-08T09:38:39.591Z,,"Storekeeper: BADELAL VARMA (DISPATCH {VALSAD})
Items: 21
Total quantity: 1029",false,2025-04-08T00:00:00.000Z
377,READY≈DESP,64720,56{MH-46-BF-3825},3,2025-04-08T10:28:44.886Z,,"Storekeeper: Yash patel (IT)
Items: 35
Total quantity: 868",false,2025-04-08T00:00:00.000Z
380,READY≈DESP,64697,56{MH-46-BF-3825},3,2025-04-08T10:38:31.986Z,,"Storekeeper: Yash patel (IT)
Items: 24
Total quantity: 885",false,2025-04-08T00:00:00.000Z
406,READY≈DESP,64781,56{MH-46-BF-3825},3,2025-04-09T05:34:28.605Z,,"Storekeeper: Yash patel (IT)
Items: 42
Total quantity: 761",false,2025-04-09T00:00:00.000Z
388,READY≈DESP,64703,56{MH-46-BF-3825},16,2025-04-08T12:11:11.867Z,,"Storekeeper: TEJASH M PATEL (DISPATCH {VALSAD})
Items: 29
Total quantity: 668",false,2025-04-08T00:00:00.000Z
389,READY≈DESP,64732,56{MH-46-BF-3825},11,2025-04-08T13:01:34.058Z,,"Storekeeper: DIVYANG PATEL (DISPATCH {VALSAD})
Items: 56
Total quantity: 896",false,2025-04-08T00:00:00.000Z
360,READY≈DESP,64735,56{MH-46-BF-3825},4,2025-04-08T06:19:35.496Z,,"Storekeeper: YAGNIK PATEL (BILLING)
Items: 80
Total quantity: 1064",false,2025-04-08T00:00:00.000Z
401,READY≈DESP,64791,56{MH-46-BF-3825},3,2025-04-09T05:06:01.742Z,,"Storekeeper: Yash patel (IT)
Items: 51
Total quantity: 886",false,2025-04-09T00:00:00.000Z
372,READY≈DESP,64708,56{MH-46-BF-3825},14,2025-04-08T10:19:28.631Z,,"Storekeeper: YASH S PATEL (DISPATCH {VALSAD})
Items: 33
Total quantity: 836",false,2025-04-08T00:00:00.000Z
391,READY≈DESP,64695,56{MH-46-BF-3825},11,2025-04-08T14:29:08.116Z,,"Storekeeper: DIVYANG PATEL (DISPATCH {VALSAD})
Items: 22
Total quantity: 928",false,2025-04-08T00:00:00.000Z
387,READY≈DESP,64733,56{MH-46-BF-3825},12,2025-04-08T11:13:57.064Z,,"Storekeeper: AKSHAY PATEL (DISPATCH {VALSAD})
Items: 52
Total quantity: 916",false,2025-04-08T00:00:00.000Z
404,READY≈DESP,64762,56{MH-46-BF-3825},14,2025-04-09T05:13:00.093Z,,"Storekeeper: YASH S PATEL (DISPATCH {VALSAD})
Items: 31
Total quantity: 812",false,2025-04-09T00:00:00.000Z
392,READY≈DESP,64767,56{MH-46-BF-3825},3,2025-04-09T04:37:31.692Z,,"Storekeeper: Yash patel (IT)
Items: 21
Total quantity: 922",false,2025-04-09T00:00:00.000Z
398,READY≈DESP,64763,56{MH-46-BF-3825},3,2025-04-09T04:56:36.241Z,,"Storekeeper: Yash patel (IT)
Items: 27
Total quantity: 857",false,2025-04-09T00:00:00.000Z
407,READY≈DESP,64777,56{MH-46-BF-3825},14,2025-04-09T05:40:16.069Z,,"Storekeeper: YASH S PATEL (DISPATCH {VALSAD})
Items: 40
Total quantity: 385",false,2025-04-09T00:00:00.000Z
399,READY≈DESP,64797,56{MH-46-BF-3825},5,2025-04-09T04:57:40.152Z,,"Storekeeper: BADELAL VARMA (DISPATCH {VALSAD})
Items: 7
Total quantity: 380",false,2025-04-09T00:00:00.000Z
405,READY≈DESP,64765,56{MH-46-BF-3825},5,2025-04-09T05:23:45.479Z,,"Storekeeper: BADELAL VARMA (DISPATCH {VALSAD})
Items: 25
Total quantity: 915",false,2025-04-09T00:00:00.000Z
396,READY≈DESP,64769,56{MH-46-BF-3825},12,2025-04-09T04:48:04.776Z,,"Storekeeper: AKSHAY PATEL (DISPATCH {VALSAD})
Items: 47
Total quantity: 859",false,2025-04-09T00:00:00.000Z
408,READY≈DESP,64807,56{MH-46-BF-3825},4,2025-04-09T05:40:55.681Z,,"Storekeeper: YAGNIK PATEL (BILLING)
Items: 32
Total quantity: 636",false,2025-04-09T00:00:00.000Z
411,READY≈DESP,64802,56{MH-46-BF-3825},5,2025-04-09T06:18:41.496Z,,"Storekeeper: BADELAL VARMA (DISPATCH {VALSAD})
Items: 25
Total quantity: 306",false,2025-04-09T00:00:00.000Z
409,READY≈DESP,64801,56{MH-46-BF-3825},3,2025-04-09T05:42:04.797Z,,"Storekeeper: Yash patel (IT)
Items: 53
Total quantity: 891",false,2025-04-09T00:00:00.000Z
395,READY≈DESP,64796,56{MH-46-BF-3825},5,2025-04-09T04:46:32.537Z,,"Storekeeper: BADELAL VARMA (DISPATCH {VALSAD})
Items: 49
Total quantity: 464",false,2025-04-09T00:00:00.000Z
403,READY≈DESP,64793,56{MH-46-BF-3825},14,2025-04-09T05:11:32.963Z,,"Storekeeper: YASH S PATEL (DISPATCH {VALSAD})
Items: 19
Total quantity: 774",false,2025-04-09T00:00:00.000Z
397,READY≈DESP,64810,56{MH-46-BF-3825},12,2025-04-09T04:50:59.803Z,,"Storekeeper: AKSHAY PATEL (DISPATCH {VALSAD})
Items: 38
Total quantity: 908",false,2025-04-09T00:00:00.000Z
412,READY≈DESP,64808,56{MH-46-BF-3825},4,2025-04-09T06:24:50.017Z,,"Storekeeper: YAGNIK PATEL (BILLING)
Items: 41
Total quantity: 383",false,2025-04-09T00:00:00.000Z
415,READY≈DESP,64803,56{MH-46-BF-3825},5,2025-04-09T06:39:04.610Z,,"Storekeeper: BADELAL VARMA (DISPATCH {VALSAD})
Items: 7
Total quantity: 510",false,2025-04-09T00:00:00.000Z
414,READY≈DESP,64772,56{MH-46-BF-3825},14,2025-04-09T06:28:20.757Z,,"Storekeeper: YASH S PATEL (DISPATCH {VALSAD})
Items: 9
Total quantity: 808",false,2025-04-09T00:00:00.000Z
416,READY≈DESP,64776,56{MH-46-BF-3825},5,2025-04-09T07:12:17.664Z,,"Storekeeper: BADELAL VARMA (DISPATCH {VALSAD})
Items: 42
Total quantity: 867",false,2025-04-09T00:00:00.000Z
417,READY≈DESP,64789,56{MH-46-BF-3825},12,2025-04-09T07:14:01.673Z,,"Storekeeper: AKSHAY PATEL (DISPATCH {VALSAD})
Items: 28
Total quantity: 843",false,2025-04-09T00:00:00.000Z
419,READY≈DESP,64787,56{MH-46-BF-3825},14,2025-04-09T08:20:39.417Z,,"Storekeeper: YASH S PATEL (DISPATCH {VALSAD})
Items: 22
Total quantity: 662",false,2025-04-09T00:00:00.000Z
431,READY≈DESP,64812,56{MH-46-BF-3825},3,2025-04-09T10:48:44.035Z,,"Storekeeper: Yash patel (IT)
Items: 51
Total quantity: 801",false,2025-04-09T00:00:00.000Z
432,READY≈DESP,64770,56{MH-46-BF-3825},3,2025-04-09T10:50:03.498Z,,"Storekeeper: Yash patel (IT)
Items: 43
Total quantity: 707",false,2025-04-09T00:00:00.000Z
430,READY≈DESP,64768,56{MH-46-BF-3825},12,2025-04-09T10:43:54.627Z,,"Storekeeper: AKSHAY PATEL (DISPATCH {VALSAD})
Items: 17
Total quantity: 845",false,2025-04-09T00:00:00.000Z
420,READY≈DESP,64780,56{MH-46-BF-3825},4,2025-04-09T08:45:59.515Z,,"Storekeeper: YAGNIK PATEL (BILLING)
Items: 50
Total quantity: 937",false,2025-04-09T00:00:00.000Z
428,READY≈DESP,64701,56{MH-46-BF-3825},3,2025-04-09T10:35:06.301Z,,"Storekeeper: Yash patel (IT)
Items: 56
Total quantity: 755",false,2025-04-08T00:00:00.000Z
424,READY≈DESP,64775,56{MH-46-BF-3825},3,2025-04-09T09:30:09.460Z,,"Storekeeper: Yash patel (IT)
Items: 34
Total quantity: 752",false,2025-04-09T00:00:00.000Z
423,READY≈DESP,64792,56{MH-46-BF-3825},14,2025-04-09T09:11:44.214Z,,"Storekeeper: YASH S PATEL (DISPATCH {VALSAD})
Items: 51
Total quantity: 857",false,2025-04-09T00:00:00.000Z
422,READY≈DESP,64806,56{MH-46-BF-3825},12,2025-04-09T08:54:57.508Z,,"Storekeeper: AKSHAY PATEL (DISPATCH {VALSAD})
Items: 38
Total quantity: 733",false,2025-04-09T00:00:00.000Z
421,READY≈DESP,64794,56{MH-46-BF-3825},5,2025-04-09T08:46:00.886Z,,"Storekeeper: BADELAL VARMA (DISPATCH {VALSAD})
Items: 34
Total quantity: 358",false,2025-04-09T00:00:00.000Z
425,READY≈DESP,64766,56{MH-46-BF-3825},5,2025-04-09T09:41:50.192Z,,"Storekeeper: BADELAL VARMA (DISPATCH {VALSAD})
Items: 39
Total quantity: 764",false,2025-04-09T00:00:00.000Z
427,READY≈DESP,64696,56{MH-46-BF-3825},3,2025-04-09T10:09:29.353Z,,"Storekeeper: Yash patel (IT)
Items: 54
Total quantity: 1035",false,2025-04-08T00:00:00.000Z
444,READY≈DESP,64774,56{MH-46-BF-3825},11,2025-04-09T14:01:36.779Z,,"Storekeeper: DIVYANG PATEL (DISPATCH {VALSAD})
Items: 15
Total quantity: 407",false,2025-04-09T00:00:00.000Z
442,READY≈DESP,64799,56{MH-46-BF-3825},11,2025-04-09T12:35:39.301Z,,"Storekeeper: DIVYANG PATEL (DISPATCH {VALSAD})
Items: 11
Total quantity: 728",false,2025-04-09T00:00:00.000Z
433,READY≈DESP,64719,56{MH-46-BF-3825},3,2025-04-09T11:04:52.848Z,,"Storekeeper: Yash patel (IT)
Items: 46
Total quantity: 1010",false,2025-04-08T00:00:00.000Z
438,READY≈DESP,64721,56{MH-46-BF-3825},3,2025-04-09T12:02:50.482Z,,"Storekeeper: Yash patel (IT)
Items: 14
Total quantity: 913",false,2025-04-08T00:00:00.000Z
434,READY≈DESP,64795,56{MH-46-BF-3825},5,2025-04-09T11:05:29.186Z,,"Storekeeper: BADELAL VARMA (DISPATCH {VALSAD})
Items: 56
Total quantity: 567",false,2025-04-09T00:00:00.000Z
429,READY≈DESP,64782,56{MH-46-BF-3825},5,2025-04-09T10:41:37.100Z,,"Storekeeper: BADELAL VARMA (DISPATCH {VALSAD})
Items: 36
Total quantity: 869",false,2025-04-09T00:00:00.000Z
426,READY≈DESP,64764,56{MH-46-BF-3825},11,2025-04-09T09:56:25.032Z,,"Storekeeper: DIVYANG PATEL (DISPATCH {VALSAD})
Items: 13
Total quantity: 885",false,2025-04-09T00:00:00.000Z
445,READY≈DESP,64773,56{MH-46-BF-3825},11,2025-04-09T14:02:58.619Z,,"Storekeeper: DIVYANG PATEL (DISPATCH {VALSAD})
Items: 25
Total quantity: 306",false,2025-04-09T00:00:00.000Z
437,READY≈DESP,64811,56{MH-46-BF-3825},3,2025-04-09T11:54:09.283Z,,"Storekeeper: Yash patel (IT)
Items: 45
Total quantity: 883",false,2025-04-09T00:00:00.000Z
436,READY≈DESP,64800,56{MH-46-BF-3825},11,2025-04-09T11:40:49.297Z,,"Storekeeper: DIVYANG PATEL (DISPATCH {VALSAD})
Items: 38
Total quantity: 927",false,2025-04-09T00:00:00.000Z
443,READY≈DESP,64798,56{MH-46-BF-3825},11,2025-04-09T12:36:11.664Z,,"Storekeeper: DIVYANG PATEL (DISPATCH {VALSAD})
Items: 16
Total quantity: 344",false,2025-04-09T00:00:00.000Z
435,READY≈DESP,64790,56{MH-46-BF-3825},11,2025-04-09T11:24:31.749Z,,"Storekeeper: DIVYANG PATEL (DISPATCH {VALSAD})
Items: 47
Total quantity: 1053",false,2025-04-09T00:00:00.000Z
446,READY≈DESP,64761,56{MH-46-BF-3825},11,2025-04-09T17:25:43.484Z,,"Storekeeper: DIVYANG PATEL (DISPATCH {VALSAD})
Items: 30
Total quantity: 923",false,2025-04-09T00:00:00.000Z
440,READY≈DESP,64786,56{MH-46-BF-3825},13,2025-04-09T12:06:43.019Z,,"Storekeeper: DEVEN PATEL (DISPATCH {VALSAD})
Items: 33
Total quantity: 791",false,2025-04-09T00:00:00.000Z
439,READY≈DESP,64736,56{MH-46-BF-3825},3,2025-04-09T12:06:16.141Z,,"Storekeeper: Yash patel (IT)
Items: 62
Total quantity: 510",false,2025-04-08T00:00:00.000Z
441,READY≈DESP,64737,56{MH-46-BF-3825},3,2025-04-09T12:13:13.976Z,,"Storekeeper: Yash patel (IT)
Items: 67
Total quantity: 499",false,2025-04-08T00:00:00.000Z
450,READY≈DESP,64870,56{MH-46-BF-3825},6,2025-04-09T23:32:09.810Z,,"Storekeeper: PRIYANK PATEL (DISPATCH {VALSAD})
Items: 6
Total quantity: 295",false,2025-04-10T00:00:00.000Z
449,READY≈DESP,64871,56{MH-46-BF-3825},6,2025-04-09T23:22:30.789Z,,"Storekeeper: PRIYANK PATEL (DISPATCH {VALSAD})
Items: 35
Total quantity: 446",false,2025-04-10T00:00:00.000Z
447,READY≈DESP,64839,56{MH-46-BF-3825},6,2025-04-09T20:06:07.411Z,,"Storekeeper: PRIYANK PATEL (DISPATCH {VALSAD})
Items: 34
Total quantity: 931",false,2025-04-10T00:00:00.000Z
448,READY≈DESP,64844,56{MH-46-BF-3825},6,2025-04-09T21:26:41.375Z,,"Storekeeper: PRIYANK PATEL (DISPATCH {VALSAD})
Items: 31
Total quantity: 837",false,2025-04-10T00:00:00.000Z
451,READY≈DESP,64827,56{MH-46-BF-3825},6,2025-04-09T23:50:48.104Z,,"Storekeeper: PRIYANK PATEL (DISPATCH {VALSAD})
Items: 33
Total quantity: 893",false,2025-04-10T00:00:00.000Z
413,READY≈DESP,64778,56{MH-46-BF-3825},14,2025-04-09T06:25:52.465Z,,"Storekeeper: YASH S PATEL (DISPATCH {VALSAD})
Items: 41
Total quantity: 427",false,2025-04-09T00:00:00.000Z
418,READY≈DESP,64784,56{MH-46-BF-3825},14,2025-04-09T07:18:10.817Z,,"Storekeeper: YASH S PATEL (DISPATCH {VALSAD})
Items: 38
Total quantity: 874",false,2025-04-09T00:00:00.000Z
454,READY≈DESP,64771,56{MH-46-BF-3825},3,2025-04-10T04:53:09.308Z,,"Storekeeper: Yash patel (IT)
Items: 34
Total quantity: 829",false,2025-04-09T00:00:00.000Z
452,READY≈DESP,64855,56{MH-46-BF-3825},6,2025-04-10T04:05:17.247Z,,"Storekeeper: PRIYANK PATEL (DISPATCH {VALSAD})
Items: 44
Total quantity: 862",false,2025-04-10T00:00:00.000Z
455,READY≈DESP,64779,56{MH-46-BF-3825},3,2025-04-10T04:57:15.254Z,,"Storekeeper: Yash patel (IT)
Items: 61
Total quantity: 996",false,2025-04-09T00:00:00.000Z
453,READY≈DESP,64868,56{MH-46-BF-3825},16,2025-04-10T04:35:03.708Z,,"Storekeeper: TEJASH M PATEL (DISPATCH {VALSAD})
Items: 53
Total quantity: 867",false,2025-04-10T00:00:00.000Z
471,READY≈DESP,64860,56{MH-46-BF-3825},16,2025-04-10T08:36:19.005Z,,"Storekeeper: TEJASH M PATEL (DISPATCH {VALSAD})
Items: 33
Total quantity: 253",false,2025-04-10T00:00:00.000Z
460,READY≈DESP,64841,56{MH-46-BF-3825},14,2025-04-10T05:43:32.533Z,,"Storekeeper: YASH S PATEL (DISPATCH {VALSAD})
Items: 51
Total quantity: 415",false,2025-04-10T00:00:00.000Z
461,READY≈DESP,64840,56{MH-46-BF-3825},14,2025-04-10T05:45:03.239Z,,"Storekeeper: YASH S PATEL (DISPATCH {VALSAD})
Items: 7
Total quantity: 448",false,2025-04-10T00:00:00.000Z
459,READY≈DESP,64785,56{MH-46-BF-3825},3,2025-04-10T05:27:13.818Z,,"Storekeeper: Yash patel (IT)
Items: 39
Total quantity: 751",false,2025-04-09T00:00:00.000Z
466,READY≈DESP,64852,56{MH-46-BF-3825},16,2025-04-10T06:46:31.210Z,,"Storekeeper: TEJASH M PATEL (DISPATCH {VALSAD})
Items: 57
Total quantity: 967",false,2025-04-10T00:00:00.000Z
462,READY≈DESP,64835,56{MH-46-BF-3825},5,2025-04-10T06:22:01.918Z,,"Storekeeper: BADELAL VARMA (DISPATCH {VALSAD})
Items: 44
Total quantity: 933",false,2025-04-10T00:00:00.000Z
465,READY≈DESP,64832,56{MH-46-BF-3825},5,2025-04-10T06:25:37.271Z,,"Storekeeper: BADELAL VARMA (DISPATCH {VALSAD})
Items: 55
Total quantity: 545",false,2025-04-10T00:00:00.000Z
476,READY≈DESP,64783,56{MH-46-BF-3825},3,2025-04-10T09:08:49.403Z,,"Storekeeper: Yash patel (IT)
Items: 45
Total quantity: 894",false,2025-04-09T00:00:00.000Z
464,READY≈DESP,64833,56{MH-46-BF-3825},5,2025-04-10T06:24:42.831Z,,"Storekeeper: BADELAL VARMA (DISPATCH {VALSAD})
Items: 6
Total quantity: 258",false,2025-04-10T00:00:00.000Z
456,READY≈DESP,64849,56{MH-46-BF-3825},4,2025-04-10T05:02:48.069Z,,"Storekeeper: YAGNIK PATEL (BILLING)
Items: 66
Total quantity: 951",false,2025-04-10T00:00:00.000Z
483,READY≈DESP,64842,56{MH-46-BF-3825},16,2025-04-10T09:54:57.951Z,,"Storekeeper: TEJASH M PATEL (DISPATCH {VALSAD})
Items: 38
Total quantity: 821",false,2025-04-10T00:00:00.000Z
498,READY≈DESP,64862,56{MH-46-BF-3825},6,2025-04-10T17:52:35.614Z,,"Storekeeper: PRIYANK PATEL (DISPATCH {VALSAD})
Items: 49
Total quantity: 892",false,2025-04-10T00:00:00.000Z
463,READY≈DESP,64857,56{MH-46-BF-3825},5,2025-04-10T06:23:38.079Z,,"Storekeeper: BADELAL VARMA (DISPATCH {VALSAD})
Items: 45
Total quantity: 911",false,2025-04-10T00:00:00.000Z
457,READY≈DESP,64830,56{MH-46-BF-3825},14,2025-04-10T05:05:22.605Z,,"Storekeeper: YASH S PATEL (DISPATCH {VALSAD})
Items: 48
Total quantity: 942",false,2025-04-10T00:00:00.000Z
467,READY≈DESP,64828,56{MH-46-BF-3825},5,2025-04-10T06:48:43.872Z,,"Storekeeper: BADELAL VARMA (DISPATCH {VALSAD})
Items: 30
Total quantity: 921",false,2025-04-10T00:00:00.000Z
458,READY≈DESP,64836,56{MH-46-BF-3825},14,2025-04-10T05:15:06.096Z,,"Storekeeper: YASH S PATEL (DISPATCH {VALSAD})
Items: 52
Total quantity: 954",false,2025-04-10T00:00:00.000Z
472,READY≈DESP,64850,56{MH-46-BF-3825},4,2025-04-10T08:38:33.416Z,,"Storekeeper: YAGNIK PATEL (BILLING)
Items: 57
Total quantity: 909",false,2025-04-10T00:00:00.000Z
473,READY≈DESP,64863,56{MH-46-BF-3825},4,2025-04-10T08:41:05.111Z,,"Storekeeper: YAGNIK PATEL (BILLING)
Items: 31
Total quantity: 929",false,2025-04-10T00:00:00.000Z
482,READY≈DESP,64809,56{MH-46-BF-3825},3,2025-04-10T09:41:54.877Z,,"Storekeeper: Yash patel (IT)
Items: 74
Total quantity: 952",false,2025-04-09T00:00:00.000Z
479,READY≈DESP,64831,56{MH-46-BF-3825},14,2025-04-10T09:25:19.797Z,,"Storekeeper: YASH S PATEL (DISPATCH {VALSAD})
Items: 45
Total quantity: 749",false,2025-04-10T00:00:00.000Z
475,READY≈DESP,64869,56{MH-46-BF-3825},4,2025-04-10T09:05:05.731Z,,"Storekeeper: YAGNIK PATEL (BILLING)
Items: 45
Total quantity: 932",false,2025-04-10T00:00:00.000Z
477,READY≈DESP,64804,56{MH-46-BF-3825},3,2025-04-10T09:20:25.569Z,,"Storekeeper: Yash patel (IT)
Items: 44
Total quantity: 981",false,2025-04-09T00:00:00.000Z
484,READY≈DESP,64873,56{MH-46-BF-3825},5,2025-04-10T09:57:20.066Z,,"Storekeeper: BADELAL VARMA (DISPATCH {VALSAD})
Items: 22
Total quantity: 1005",false,2025-04-10T00:00:00.000Z
480,READY≈DESP,64843,56{MH-46-BF-3825},14,2025-04-10T09:27:22.048Z,,"Storekeeper: YASH S PATEL (DISPATCH {VALSAD})
Items: 14
Total quantity: 781",false,2025-04-10T00:00:00.000Z
481,READY≈DESP,64805,56{MH-46-BF-3825},3,2025-04-10T09:31:54.384Z,,"Storekeeper: Yash patel (IT)
Items: 51
Total quantity: 877",false,2025-04-09T00:00:00.000Z
474,READY≈DESP,64865,56{MH-46-BF-3825},5,2025-04-10T08:50:53.229Z,,"Storekeeper: BADELAL VARMA (DISPATCH {VALSAD})
Items: 34
Total quantity: 827",false,2025-04-10T00:00:00.000Z
485,READY≈DESP,64864,56{MH-46-BF-3825},14,2025-04-10T10:31:49.526Z,,"Storekeeper: YASH S PATEL (DISPATCH {VALSAD})
Items: 33
Total quantity: 963",false,2025-04-10T00:00:00.000Z
486,READY≈DESP,64866,56{MH-46-BF-3825},14,2025-04-10T10:34:49.725Z,,"Storekeeper: YASH S PATEL (DISPATCH {VALSAD})
Items: 47
Total quantity: 849",false,2025-04-10T00:00:00.000Z
478,READY≈DESP,64861,56{MH-46-BF-3825},16,2025-04-10T09:21:52.606Z,,"Storekeeper: TEJASH M PATEL (DISPATCH {VALSAD})
Items: 38
Total quantity: 530",false,2025-04-10T00:00:00.000Z
469,READY≈DESP,64853,56{MH-46-BF-3825},5,2025-04-10T08:01:05.410Z,,"Storekeeper: BADELAL VARMA (DISPATCH {VALSAD})
Items: 43
Total quantity: 886",false,2025-04-10T00:00:00.000Z
487,READY≈DESP,64847,56{MH-46-BF-3825},5,2025-04-10T10:38:22.999Z,,"Storekeeper: BADELAL VARMA (DISPATCH {VALSAD})
Items: 38
Total quantity: 877",false,2025-04-10T00:00:00.000Z
490,READY≈DESP,64829,56{MH-46-BF-3825},11,2025-04-10T11:50:40.075Z,,"Storekeeper: DIVYANG PATEL (DISPATCH {VALSAD})
Items: 43
Total quantity: 972",false,2025-04-10T00:00:00.000Z
493,READY≈DESP,64848,56{MH-46-BF-3825},11,2025-04-10T14:28:49.611Z,,"Storekeeper: DIVYANG PATEL (DISPATCH {VALSAD})
Items: 11
Total quantity: 870",false,2025-04-10T00:00:00.000Z
491,READY≈DESP,64854,56{MH-46-BF-3825},6,2025-04-10T12:02:00.628Z,,"Storekeeper: PRIYANK PATEL (DISPATCH {VALSAD})
Items: 40
Total quantity: 759",false,2025-04-10T00:00:00.000Z
492,READY≈DESP,64846,56{MH-46-BF-3825},6,2025-04-10T13:31:10.527Z,,"Storekeeper: PRIYANK PATEL (DISPATCH {VALSAD})
Items: 34
Total quantity: 913",false,2025-04-10T00:00:00.000Z
489,READY≈DESP,64837,56{MH-46-BF-3825},16,2025-04-10T11:09:22.172Z,,"Storekeeper: TEJASH M PATEL (DISPATCH {VALSAD})
Items: 19
Total quantity: 715",false,2025-04-10T00:00:00.000Z
495,READY≈DESP,64834,56{MH-46-BF-3825},11,2025-04-10T14:34:49.322Z,,"Storekeeper: DIVYANG PATEL (DISPATCH {VALSAD})
Items: 35
Total quantity: 962",false,2025-04-10T00:00:00.000Z
494,READY≈DESP,64845,56{MH-46-BF-3825},6,2025-04-10T14:30:23.305Z,,"Storekeeper: PRIYANK PATEL (DISPATCH {VALSAD})
Items: 40
Total quantity: 885",false,2025-04-10T00:00:00.000Z
488,READY≈DESP,64838,56{MH-46-BF-3825},16,2025-04-10T10:58:04.148Z,,"Storekeeper: TEJASH M PATEL (DISPATCH {VALSAD})
Items: 19
Total quantity: 227",false,2025-04-10T00:00:00.000Z
496,READY≈DESP,64858,56{MH-46-BF-3825},11,2025-04-10T16:31:01.429Z,,"Storekeeper: DIVYANG PATEL (DISPATCH {VALSAD})
Items: 29
Total quantity: 420",false,2025-04-10T00:00:00.000Z
497,READY≈DESP,64859,56{MH-46-BF-3825},11,2025-04-10T16:31:36.531Z,,"Storekeeper: DIVYANG PATEL (DISPATCH {VALSAD})
Items: 37
Total quantity: 515",false,2025-04-10T00:00:00.000Z
499,READY≈DESP,64867,56{MH-46-BF-3825},6,2025-04-10T18:09:39.374Z,,"Storekeeper: PRIYANK PATEL (DISPATCH {VALSAD})
Items: 53
Total quantity: 860",false,2025-04-10T00:00:00.000Z
468,READY≈DESP,64856,56{MH-46-BF-3825},14,2025-04-10T06:50:20.726Z,,"Storekeeper: YASH S PATEL (DISPATCH {VALSAD})
Items: 64
Total quantity: 869",false,2025-04-10T00:00:00.000Z
521,READY≈DESP,64915,56{MH-46-BF-3825},15,2025-04-11T09:05:19.419Z,,"Storekeeper: BHIKHUBHAI PATEL (DISPATCH {VALSAD})
Items: 28
Total quantity: 801",false,2025-04-11T00:00:00.000Z
506,READY≈DESP,64913,56{MH-46-BF-3825},16,2025-04-11T04:32:01.879Z,,"Storekeeper: TEJASH M PATEL (DISPATCH {VALSAD})
Items: 31
Total quantity: 689",false,2025-04-11T00:00:00.000Z
503,READY≈DESP,64935,56{MH-46-BF-3825},15,2025-04-11T03:54:51.323Z,,"Storekeeper: BHIKHUBHAI PATEL (DISPATCH {VALSAD})
Items: 43
Total quantity: 899",false,2025-04-11T00:00:00.000Z
522,READY≈DESP,64943,56{MH-46-BF-3825},15,2025-04-11T09:06:41.286Z,,"Storekeeper: BHIKHUBHAI PATEL (DISPATCH {VALSAD})
Items: 5
Total quantity: 325",false,2025-04-11T00:00:00.000Z
500,READY≈DESP,64918,56{MH-46-BF-3825},5,2025-04-11T03:38:07.342Z,,"Storekeeper: BADELAL VARMA (DISPATCH {VALSAD})
Items: 50
Total quantity: 732",false,2025-04-11T00:00:00.000Z
504,READY≈DESP,64917,56{MH-46-BF-3825},12,2025-04-11T04:02:23.329Z,,"Storekeeper: AKSHAY PATEL (DISPATCH {VALSAD})
Items: 38
Total quantity: 847",false,2025-04-11T00:00:00.000Z
501,READY≈DESP,64921,56{MH-46-BF-3825},16,2025-04-11T03:44:43.506Z,,"Storekeeper: TEJASH M PATEL (DISPATCH {VALSAD})
Items: 43
Total quantity: 908",false,2025-04-11T00:00:00.000Z
505,READY≈DESP,64941,56{MH-46-BF-3825},5,2025-04-11T04:13:37.837Z,,"Storekeeper: BADELAL VARMA (DISPATCH {VALSAD})
Items: 46
Total quantity: 901",false,2025-04-11T00:00:00.000Z
509,READY≈DESP,64936,56{MH-46-BF-3825},16,2025-04-11T06:07:59.209Z,,"Storekeeper: TEJASH M PATEL (DISPATCH {VALSAD})
Items: 47
Total quantity: 940",false,2025-04-11T00:00:00.000Z
502,READY≈DESP,64929,56{MH-46-BF-3825},14,2025-04-11T03:50:54.461Z,,"Storekeeper: YASH S PATEL (DISPATCH {VALSAD})
Items: 49
Total quantity: 880",false,2025-04-11T00:00:00.000Z
507,READY≈DESP,64946,56{MH-46-BF-3825},12,2025-04-11T04:54:55.784Z,,"Storekeeper: AKSHAY PATEL (DISPATCH {VALSAD})
Items: 30
Total quantity: 796",false,2025-04-11T00:00:00.000Z
515,READY≈DESP,64944,56{MH-46-BF-3825},14,2025-04-11T08:48:26.353Z,,"Storekeeper: YASH S PATEL (DISPATCH {VALSAD})
Items: 16
Total quantity: 411",false,2025-04-11T00:00:00.000Z
517,READY≈DESP,64945,56{MH-46-BF-3825},14,2025-04-11T08:49:02.053Z,,"Storekeeper: YASH S PATEL (DISPATCH {VALSAD})
Items: 36
Total quantity: 496",false,2025-04-11T00:00:00.000Z
516,READY≈DESP,64922,56{MH-46-BF-3825},12,2025-04-11T08:48:35.035Z,,"Storekeeper: AKSHAY PATEL (DISPATCH {VALSAD})
Items: 32
Total quantity: 836",false,2025-04-11T00:00:00.000Z
523,READY≈DESP,64942,56{MH-46-BF-3825},15,2025-04-11T09:07:46.180Z,,"Storekeeper: BHIKHUBHAI PATEL (DISPATCH {VALSAD})
Items: 33
Total quantity: 586",false,2025-04-11T00:00:00.000Z
519,READY≈DESP,64938,56{MH-46-BF-3825},14,2025-04-11T08:56:13.655Z,,"Storekeeper: YASH S PATEL (DISPATCH {VALSAD})
Items: 41
Total quantity: 843",false,2025-04-11T00:00:00.000Z
510,READY≈DESP,64939,56{MH-46-BF-3825},15,2025-04-11T06:16:51.169Z,,"Storekeeper: BHIKHUBHAI PATEL (DISPATCH {VALSAD})
Items: 34
Total quantity: 836",false,2025-04-11T00:00:00.000Z
511,READY≈DESP,64932,56{MH-46-BF-3825},5,2025-04-11T06:26:19.482Z,,"Storekeeper: BADELAL VARMA (DISPATCH {VALSAD})
Items: 46
Total quantity: 999",false,2025-04-11T00:00:00.000Z
518,READY≈DESP,64910,56{MH-46-BF-3825},14,2025-04-11T08:49:59.255Z,,"Storekeeper: YASH S PATEL (DISPATCH {VALSAD})
Items: 61
Total quantity: 963",false,2025-04-11T00:00:00.000Z
513,READY≈DESP,64907,56{MH-46-BF-3825},16,2025-04-11T08:45:18.346Z,,"Storekeeper: TEJASH M PATEL (DISPATCH {VALSAD})
Items: 55
Total quantity: 656",false,2025-04-11T00:00:00.000Z
520,READY≈DESP,64920,56{MH-46-BF-3825},5,2025-04-11T09:01:13.793Z,,"Storekeeper: BADELAL VARMA (DISPATCH {VALSAD})
Items: 6
Total quantity: 536",false,2025-04-11T00:00:00.000Z
512,READY≈DESP,64908,56{MH-46-BF-3825},5,2025-04-11T08:22:12.171Z,,"Storekeeper: BADELAL VARMA (DISPATCH {VALSAD})
Items: 65
Total quantity: 674",false,2025-04-11T00:00:00.000Z
514,READY≈DESP,64919,56{MH-46-BF-3825},5,2025-04-11T08:45:40.449Z,,"Storekeeper: BADELAL VARMA (DISPATCH {VALSAD})
Items: 31
Total quantity: 315",false,2025-04-11T00:00:00.000Z
508,READY≈DESP,64930,56{MH-46-BF-3825},5,2025-04-11T05:09:59.990Z,,"Storekeeper: BADELAL VARMA (DISPATCH {VALSAD})
Items: 20
Total quantity: 849",false,2025-04-11T00:00:00.000Z
528,READY≈DESP,64934,56{MH-46-BF-3825},15,2025-04-11T10:19:43.289Z,,"Storekeeper: BHIKHUBHAI PATEL (DISPATCH {VALSAD})
Items: 47
Total quantity: 880",false,2025-04-11T00:00:00.000Z
530,READY≈DESP,64900,56{MH-46-BF-3825},12,2025-04-11T10:25:04.206Z,,"Storekeeper: AKSHAY PATEL (DISPATCH {VALSAD})
Items: 7
Total quantity: 578",false,2025-04-11T00:00:00.000Z
532,READY≈DESP,64948,56{MH-46-BF-3825},5,2025-04-11T10:37:10.034Z,,"Storekeeper: BADELAL VARMA (DISPATCH {VALSAD})
Items: 5
Total quantity: 994",false,2025-04-11T00:00:00.000Z
527,READY≈DESP,64903,56{MH-46-BF-3825},16,2025-04-11T10:00:13.505Z,,"Storekeeper: TEJASH M PATEL (DISPATCH {VALSAD})
Items: 48
Total quantity: 425",false,2025-04-11T00:00:00.000Z
533,READY≈DESP,64931,56{MH-46-BF-3825},15,2025-04-11T10:49:17.377Z,,"Storekeeper: BHIKHUBHAI PATEL (DISPATCH {VALSAD})
Items: 12
Total quantity: 786",false,2025-04-11T00:00:00.000Z
526,READY≈DESP,64902,56{MH-46-BF-3825},16,2025-04-11T09:31:25.005Z,,"Storekeeper: TEJASH M PATEL (DISPATCH {VALSAD})
Items: 36
Total quantity: 475",false,2025-04-11T00:00:00.000Z
535,READY≈DESP,64933,56{MH-46-BF-3825},5,2025-04-11T10:57:40.500Z,,"Storekeeper: BADELAL VARMA (DISPATCH {VALSAD})
Items: 46
Total quantity: 712",false,2025-04-11T00:00:00.000Z
534,READY≈DESP,64947,56{MH-46-BF-3825},16,2025-04-11T10:51:02.124Z,,"Storekeeper: TEJASH M PATEL (DISPATCH {VALSAD})
Items: 36
Total quantity: 709",false,2025-04-11T00:00:00.000Z
524,READY≈DESP,64909,56{MH-46-BF-3825},15,2025-04-11T09:09:32.285Z,,"Storekeeper: BHIKHUBHAI PATEL (DISPATCH {VALSAD})
Items: 56
Total quantity: 697",false,2025-04-11T00:00:00.000Z
531,READY≈DESP,64901,56{MH-46-BF-3825},12,2025-04-11T10:28:43.652Z,,"Storekeeper: AKSHAY PATEL (DISPATCH {VALSAD})
Items: 57
Total quantity: 300",false,2025-04-11T00:00:00.000Z
536,READY≈DESP,64906,56{MH-46-BF-3825},14,2025-04-11T11:01:15.247Z,,"Storekeeper: YASH S PATEL (DISPATCH {VALSAD})
Items: 50
Total quantity: 687",false,2025-04-11T00:00:00.000Z
539,READY≈DESP,64872,56{MH-46-BF-3825},3,2025-04-11T12:14:43.315Z,,"Storekeeper: Yash patel (IT)
Items: 14
Total quantity: 936",false,2025-04-10T00:00:00.000Z
537,READY≈DESP,64851,56{MH-46-BF-3825},4,2025-04-11T12:02:52.517Z,,"Storekeeper: YAGNIK PATEL (BILLING)
Items: 66
Total quantity: 1087",false,2025-04-10T00:00:00.000Z
540,READY≈DESP,64904,56{MH-46-BF-3825},4,2025-04-11T12:59:49.793Z,,"Storekeeper: YAGNIK PATEL (BILLING)
Items: 42
Total quantity: 342",false,2025-04-11T00:00:00.000Z
542,READY≈DESP,64905,56{MH-46-BF-3825},4,2025-04-11T13:00:29.999Z,,"Storekeeper: YAGNIK PATEL (BILLING)
Items: 55
Total quantity: 389",false,2025-04-11T00:00:00.000Z
525,READY≈DESP,64937,56{MH-46-BF-3825},14,2025-04-11T09:14:35.959Z,,"Storekeeper: YASH S PATEL (DISPATCH {VALSAD})
Items: 80
Total quantity: 825",false,2025-04-11T00:00:00.000Z
529,READY≈DESP,64899,56{MH-46-BF-3825},15,2025-04-11T10:21:35.146Z,,"Storekeeper: BHIKHUBHAI PATEL (DISPATCH {VALSAD})
Items: 51
Total quantity: 946",false,2025-04-11T00:00:00.000Z
543,READY≈DESP,64926,56{MH-46-BF-3825},6,2025-04-11T13:21:26.241Z,,"Storekeeper: PRIYANK PATEL (DISPATCH {VALSAD})
Items: 16
Total quantity: 685",false,2025-04-11T00:00:00.000Z
544,READY≈DESP,64928,56{MH-46-BF-3825},11,2025-04-11T13:21:31.665Z,,"Storekeeper: DIVYANG PATEL (DISPATCH {VALSAD})
Items: 41
Total quantity: 864",false,2025-04-11T00:00:00.000Z
547,LOADING,64310,56{MH-46-BF-3825},2,2025-04-11T13:32:23.878Z,,"Storekeeper: Vraj (MANAGEMENT)
Items: 37
Total quantity: 859",false,2025-04-01T00:00:00.000Z
548,READY≈DESP,64914,56{MH-46-BF-3825},11,2025-04-11T15:15:36.341Z,,"Storekeeper: DIVYANG PATEL (DISPATCH {VALSAD})
Items: 42
Total quantity: 847",false,2025-04-11T00:00:00.000Z
546,READY≈DESP,64927,56{MH-46-BF-3825},11,2025-04-11T13:31:42.238Z,,"Storekeeper: DIVYANG PATEL (DISPATCH {VALSAD})
Items: 37
Total quantity: 925",false,2025-04-11T00:00:00.000Z
549,LOADING,64925,56{MH-46-BF-3825},11,2025-04-11T16:17:43.375Z,,"Storekeeper: DIVYANG PATEL (DISPATCH {VALSAD})
Items: 52
Total quantity: 848",false,2025-04-11T00:00:00.000Z
552,LOADING,65038,56{MH-46-BF-3825},14,2025-04-12T03:55:37.526Z,,"Storekeeper: YASH S PATEL (DISPATCH {VALSAD})
Items: 23
Total quantity: 771",false,2025-04-12T00:00:00.000Z
553,LOADING,65047,56{MH-46-BF-3825},11,2025-04-12T03:58:14.441Z,,"Storekeeper: DIVYANG PATEL (DISPATCH {VALSAD})
Items: 43
Total quantity: 878",false,2025-04-12T00:00:00.000Z
550,READY≈DESP,64912,56{MH-46-BF-3825},11,2025-04-11T17:26:48.308Z,,"Storekeeper: DIVYANG PATEL (DISPATCH {VALSAD})
Items: 46
Total quantity: 848",false,2025-04-11T00:00:00.000Z
551,READY≈DESP,64911,56{MH-46-BF-3825},4,2025-04-11T19:26:20.003Z,,"Storekeeper: YAGNIK PATEL (BILLING)
Items: 81
Total quantity: 881",false,2025-04-11T00:00:00.000Z
554,LOADING,65032,56{MH-46-BF-3825},12,2025-04-12T04:07:13.906Z,,"Storekeeper: AKSHAY PATEL (DISPATCH {VALSAD})
Items: 20
Total quantity: 833",false,2025-04-12T00:00:00.000Z