id,sr_no,item_no,barcode,name,category,hsn_code,sap_code,purchased,sold,in_stock,items_per_pallet,pallets,purchase_price,selling_price,last_updated,description,status,created_by_id,created_at,updated_at,volume_in_cu_ft
483,C018,,8906010504311,30GM*120 CRUNCHEX CHILLI LEMON WAFERS,CRUNCHEX,20052000,100243,0,564,150,30,0,,847.18,,,in stock,,2025-04-01T09:41:38.436Z,2025-04-12T03:59:12.357Z,3.83
466,C001,,8906010500023,15GM*192 CRUNCHEM SIMPLY SALTED WAFERS,CRUNCHEM,20052000,100215,0,19682,0,30,0,,717.61,2025-04-02T08:29:58.898Z,,in stock,,2025-04-01T09:41:37.158Z,2025-04-12T04:05:06.217Z,3.83
468,C003,,8906010500818,15GM*192 CRUNCHEM CREAM & ONION WAFERS,CRUNCHEM,20052000,100223,0,8986,0,30,0,,717.61,2025-04-02T08:29:59.205Z,,in stock,,2025-04-01T09:41:37.308Z,2025-04-12T04:05:06.406Z,3.83
469,C004,,8906010500481,15GM*192 CRUNCHEM TOMATO TWIST WAFERS,CRUNCHEM,20052000,100227,0,12268,0,30,0,,717.61,2025-04-02T08:29:59.357Z,,in stock,,2025-04-01T09:41:37.383Z,2025-04-12T04:05:06.501Z,3.83
470,C005,,8906010500474,15GM*192 CRUNCHEM CHAT CHASKA WAFERS,CRUNCHEM,20052000,100231,0,4395,0,30,0,,717.61,2025-04-02T08:29:59.510Z,,in stock,,2025-04-01T09:41:37.457Z,2025-04-12T04:05:06.591Z,3.83
471,C006,,8906010502492,15GM*192 CRUNCHEM PERI PERI WAFERS,CRUNCHEM,20052000,100234,0,3527,0,30,0,,717.61,,,in stock,,2025-04-01T09:41:37.532Z,2025-04-12T04:05:06.681Z,3.83
474,C009,,8906010500870,30GM*120 CRUNCHEM CREAM & ONION WAFERS,CRUNCHEM,20052000,100224,0,3932,0,30,0,,847.18,,,in stock,,2025-04-01T09:41:37.755Z,2025-04-12T04:05:06.953Z,3.66
492,C029,,8906010500269,22GM*144 POP RINGS MASALA,POP RINGS,21069099,104612,0,2019,0,24,0,,508.31,2025-04-02T08:30:00.280Z,,in stock,,2025-04-01T09:41:39.116Z,2025-04-12T04:05:08.056Z,3.85
528,C068,,8906010503260,16GM*24PKT*12JAR JUICY STRAWBERRY CREAM WAFERS,CHOCOLATE,19053211,104933,0,65,0,36,0,,884.51,,,in stock,,2025-04-01T09:41:41.809Z,2025-04-11T13:02:41.228Z,1.77
503,C040,,8906010503451,22GM*144 NOODLE STICKS MASALA,NOODLE STICKS,21069099,104829,0,6609,0,24,0,,508.31,2025-04-02T08:29:07.687Z,,in stock,,2025-04-01T09:41:39.940Z,2025-04-12T04:05:08.783Z,3.95
512,C052,,8906010503512,135GM*24 CRUNCHEM SIMPLY SALTED WAFERS,CRUNCHEM,20052000,100218,0,3095,0,30,0,,677.74,2025-04-02T08:30:01.825Z,,in stock,,2025-04-01T09:41:40.615Z,2025-04-12T04:05:09.341Z,2.76
514,C054,,8906010503550,135GM*24 CRUNCHEM CREAM & ONION WAFERS,CRUNCHEM,20052000,100225,0,3262,0,30,0,,677.74,2025-04-02T08:30:01.977Z,,in stock,,2025-04-01T09:41:40.764Z,2025-04-12T04:05:09.525Z,2.76
497,C034,,8906010501327,22GM*240 YUMSTIX CHATPATA MASALA,YUMSTIX,21069099,103214,0,252,0,24,0,,847.18,,,in stock,,2025-04-01T09:41:39.490Z,2025-04-11T13:25:59.415Z,3.49
583,C126,,8906010503420,20GM*288 MASALA PEAS,NAMKIN,21069099,101613,0,602,0,120,0,,1016.61,,,in stock,,2025-04-01T09:41:45.916Z,2025-04-12T03:59:14.060Z,1.63
515,C055,,8906010503109,135GM*24 RUMBLES PUDINA TWIST WAFERS,RUMBLES,20052000,100245,0,414,0,30,0,,677.74,,,in stock,,2025-04-01T09:41:40.839Z,2025-04-12T04:05:09.616Z,2.76
572,C113,,8906010500825,200GM*20 HEALTHY BITES PLAIN KHAKHRA,HEALTHY BITES,190590,104000,0,34,0,0,0,,610.96,,,in stock,,2025-04-01T09:41:45.092Z,2025-04-11T13:02:41.964Z,0.46
478,C013,,8906010500535,30GM*120 CRUNCHEM CHAT CHASKA WAFERS,CRUNCHEM,20052000,100232,0,2011,0,30,0,,847.18,,,in stock,,2025-04-01T09:41:38.053Z,2025-04-12T04:05:07.324Z,3.66
481,C016,,8906010501570,30GM*120 CRUNCHEX CHILI TADKA WAFERS,CRUNCHEX,20052000,100239,0,7490,0,30,0,,847.18,2025-04-02T08:29:59.817Z,,in stock,,2025-04-01T09:41:38.277Z,2025-04-12T04:05:07.507Z,3.83
542,C083,,8906010501860,250GM*12 MASALA SEV MURMURA,SEV MURMURA,21069099,104532,0,247,0,30,0,,381.23,,,in stock,,2025-04-01T09:41:42.851Z,2025-04-11T12:21:38.084Z,1.28
484,C019,,8906010502294,22GM*192 AMAIZE FLAMIN' HOT NACHOS,AMAIZE,21069099,104762,0,7052,0,25,0,,677.74,2025-04-02T08:29:59.971Z,,in stock,,2025-04-01T09:41:38.511Z,2025-04-12T04:05:07.597Z,4.14
541,C082,,8906010501853,250GM*12 SEV MURMURA,SEV MURMURA,21069099,104533,0,42,0,30,0,,381.23,,,in stock,,2025-04-01T09:41:42.776Z,2025-04-11T11:22:42.202Z,1.28
489,C025,,8906010502355,45GM*120 AMAIZE CHEESE CHILLI NACHOS,AMAIZE,21069099,104755,0,320,0,25,0,,847.18,,,in stock,,2025-04-01T09:41:38.893Z,2025-04-12T04:05:07.873Z,4.05
525,C065,,8906010503987,SOFT IMLI CANDY ( 3.5GM*220*10 JAR ),CANDY,17049090,104926,0,86,0,0,0,,1248.49,,,in stock,,2025-04-01T09:41:41.585Z,2025-04-11T16:27:44.537Z,1.41
493,C030,,8906010501419,22GM*144 POP RINGS YUMMY CHEESE,POP RINGS,21069099,104613,0,2034,0,24,0,,508.31,,,in stock,,2025-04-01T09:41:39.191Z,2025-04-12T04:05:08.150Z,3.85
495,C032,,8906010500900,22GM*120 WHEELOS MASALA,WHEELOS,21069099,104840,0,21550,0,24,0,,423.59,2025-04-02T08:30:00.587Z,,in stock,,2025-04-01T09:41:39.341Z,2025-04-12T04:05:08.240Z,3.65
464,A002,,A2,ADVERTISEMENT MATERIAL BIG STAND,ADV,732690,8100012,0,104,0,0,0,,127.12,,,in stock,,2025-04-01T09:41:37.008Z,2025-04-11T10:48:58.358Z,2.00
465,A003,,A3,ADVERTISEMENT MATERIAL HANGER,ADV,732690,8100001,0,1700,0,0,0,,2.54,,,in stock,,2025-04-01T09:41:37.083Z,2025-04-10T09:15:36.606Z,0.08
534,C074,,8906010500177,25GM*180 BANANA MAST MASALA WAFERS,BANANA,20089999,100828,0,80,0,30,0,,1270.76,,,in stock,,2025-04-01T09:41:42.255Z,2025-04-11T16:27:44.722Z,2.73
535,C076,,8906010502133,25GM*240 CHANA JOR GARAM,CHANA JOR,21069099,104907,0,326,0,30,0,,847.18,,,in stock,,2025-04-01T09:41:42.329Z,2025-04-12T04:05:10.750Z,2.35
536,C077,,8906010503772,50GM*120 PAPDI GATHIYA,GATHIYA,21069099,103158,0,87,0,24,0,,847.18,,,in stock,,2025-04-01T09:41:42.403Z,2025-04-12T04:05:10.843Z,3.39
498,C035,,8906010500764,25GM*240 C.P.NAMKIN {MASALA MASTI},C.P.NAMKIN,21069099,103338,0,14112,0,24,0,,847.18,2025-04-02T08:30:00.894Z,,in stock,,2025-04-01T09:41:39.566Z,2025-04-12T04:05:08.331Z,3.72
509,C047,,8906010502591,65GM*72 CRUNCHEM SIMPLY SALTED WAFERS,CRUNCHEM,20052000,100217,0,74,0,30,0,,1016.61,,,in stock,,2025-04-01T09:41:40.389Z,2025-04-11T13:02:40.576Z,3.66
510,C048,,8906010502607,65GM*72 CRUNCHEM MASALA MASTI WAFERS,CRUNCHEM,20052000,100221,0,29,0,30,0,,1016.61,,,in stock,,2025-04-01T09:41:40.465Z,2025-04-11T13:02:40.686Z,3.66
578,C120,,8906010500863,22GM*288 NIMBU CHATKA SHING BHUJIA,SHING BHUJIA,21069099,102049,0,4939,0,120,0,,1016.61,2025-04-02T08:30:03.206Z,,in stock,,2025-04-01T09:41:45.542Z,2025-04-12T04:05:11.900Z,1.89
501,C038,,8906010502119,25GM*240 C.P.NAMKIN {FLAMIN HOT},C.P.NAMKIN,21069099,103340,0,8880,0,24,0,,847.18,2025-04-02T08:30:01.047Z,,in stock,,2025-04-01T09:41:39.790Z,2025-04-12T04:05:08.603Z,3.72
502,C039,,8906010502973,25GM*192 PAPDI GATHIYA,GATHIYA,21069099,103152,0,6372,0,24,0,,677.74,2025-04-02T08:29:07.504Z,,in stock,,2025-04-01T09:41:39.865Z,2025-04-12T04:05:08.691Z,3.47
567,C108,,8906010502256,500GM*10 MAGDAL,NAMKIN,21069099,101438,0,164,0,60,0,,705.98,,,in stock,,2025-04-01T09:41:44.717Z,2025-04-10T09:24:45.746Z,0.61
491,C028,,8906010503222,22GM*144 POP RINGS SHAPES,POP RINGS,21069099,104616,0,169,0,24,0,,508.31,,,in stock,,2025-04-01T09:41:39.043Z,2025-04-11T11:22:39.469Z,3.85
463,A001,,A1,ADVERTISEMENT MATERIAL HEAVY STAND,ADV,732690,8100002,0,116,0,0,0,,211.87,,,in stock,,2025-04-01T09:41:36.915Z,2025-04-11T11:22:44.457Z,2.50
575,C116,,8906010500849,200GM*20 HEALTHY BITES JEERA KHAKHRA,HEALTHY BITES,190590,104003,0,50,0,0,0,,610.96,,,in stock,,2025-04-01T09:41:45.318Z,2025-04-11T13:02:42.061Z,0.39
480,C015,,8906010500092,30GM*120 CRUNCHEX SALTED WAFERS,CRUNCHEX,20052000,100236,0,1661,0,30,0,,847.18,,,in stock,,2025-04-01T09:41:38.202Z,2025-04-12T03:59:12.169Z,3.83
496,C033,,8906010503444,22GM*144 FUNNE SPICY PUNCH,FUNNE,21069099,104828,0,4269,0,24,0,,508.31,2025-04-02T08:30:00.740Z,,in stock,,2025-04-01T09:41:39.417Z,2025-04-12T03:59:12.544Z,3.95
472,C007,,8906010500016,30GM*120 CRUNCHEM SIMPLY SALTED WAFERS,CRUNCHEM,20052000,100216,0,6091,0,30,0,,847.18,2025-04-02T08:29:59.663Z,,in stock,,2025-04-01T09:41:37.605Z,2025-04-12T04:05:06.769Z,3.66
473,C008,,8906010500030,30GM*120 CRUNCHEM MASALA MASTI WAFERS,CRUNCHEM,20052000,100220,0,2012,0,30,0,,847.18,,,in stock,,2025-04-01T09:41:37.680Z,2025-04-12T04:05:06.862Z,3.66
475,C010,,8906010501198,30GM*120 CRUNCHEM PIZZY MASALA WAFERS,CRUNCHEM,20052000,100226,0,1448,0,30,0,,847.18,,,in stock,,2025-04-01T09:41:37.830Z,2025-04-12T04:05:07.045Z,3.66
476,C011,,8906010501952,30GM*120 RUMBLES PUDINA TWIST WAFERS,RUMBLES,20052000,100244,0,1073,0,30,0,,847.18,,,in stock,,2025-04-01T09:41:37.904Z,2025-04-12T04:05:07.141Z,3.66
479,C014,,8906010502508,30GM*120 CRUNCHEM PERI PERI WAFERS,CRUNCHEM,20052000,100235,0,1452,0,30,0,,847.18,,,in stock,,2025-04-01T09:41:38.128Z,2025-04-12T04:05:07.413Z,3.66
490,C027,,8906010501228,22GM*120 SCOOPITOS MASALA,SCOOPITOS,21069099,104827,0,13332,0,24,0,,423.59,2025-04-02T08:30:00.126Z,,in stock,,2025-04-01T09:41:38.968Z,2025-04-12T04:05:07.966Z,3.91
579,C121,,8906010500337,22GM*240 ALOO SEV,SEV,21069099,102532,0,6294,0,30,0,,847.18,2025-04-02T08:30:03.359Z,,in stock,,2025-04-01T09:41:45.616Z,2025-04-12T04:05:11.990Z,2.15
547,C088,,8906010500351,210GM*20 ALOO SEV,SEV,21069099,102526,0,423,0,40,0,,635.38,2025-04-02T08:30:02.284Z,,in stock,,2025-04-01T09:41:43.223Z,2025-04-11T13:02:41.502Z,1.09
485,C020,,8906010502348,22GM*192 AMAIZE CHEESE CHILLI NACHOS,AMAIZE,21069099,104763,0,239,0,25,0,,677.74,,,in stock,,2025-04-01T09:41:38.585Z,2025-04-11T13:02:39.563Z,4.14
482,C017,,8906010504304,30GM*120 CRUNCHEX MIRCH MASALA WAFERS,CRUNCHEX,20052000,100242,0,326,0,30,0,,847.18,,,in stock,,2025-04-01T09:41:38.352Z,2025-04-11T17:26:14.935Z,3.83
477,C012,,8906010500498,30GM*120 CRUNCHEM TOMATO TWIST WAFERS,CRUNCHEM,20052000,100228,0,2961,0,30,0,,847.18,,,in stock,,2025-04-01T09:41:37.979Z,2025-04-12T04:05:07.231Z,3.66
521,C061,,8906010500610,50GM*120 C.P.NAMKIN (TANGY TOMATO),C.P.NAMKIN,21069099,103345,0,492,0,30,0,,847.18,,,in stock,,2025-04-01T09:41:41.286Z,2025-04-12T04:05:10.079Z,2.65
556,C097,,8906010500290,210GM*20 SHING BHUJIA,NAMKIN,21069099,102048,0,158,0,40,0,,635.38,,,in stock,,2025-04-01T09:41:43.896Z,2025-04-11T12:21:48.864Z,0.62
527,C067,,8906010503666,16GM*24PKT*12JAR TANGY ORANGE CREAM WAFERS,CHOCOLATE,19053211,104932,0,53,0,0,0,,884.51,,,in stock,,2025-04-01T09:41:41.734Z,2025-04-11T11:22:41.691Z,1.77
538,C079,,8906010501815,45GM*144 YUMSTIX CHATPATA MASALA,YUMSTIX,21069099,103222,0,0,0,24,0,,1016.61,,,in stock,,2025-04-01T09:41:42.553Z,2025-04-03T12:51:12.807Z,2.74
587,C132,,8906010502263,25GM*240 NAVRATAN MIX,NAMKIN,21069099,102807,0,170,0,120,0,,847.18,,,in stock,,2025-04-01T09:41:46.214Z,2025-04-10T05:01:50.544Z,2.31
494,C031,,8906010504724,22GM*120 SNACK'EM PONGA PLAIN,SNACK'EM,21069099,104841,0,1343,0,24,0,,423.59,2025-04-02T08:30:00.434Z,,in stock,,2025-04-01T09:41:39.266Z,2025-04-11T16:13:45.885Z,3.91
505,C042,,8906010502232,22GM*240 PUNJABI TADKA,PUNJABI,21069099,103216,0,15398,0,32,0,,847.18,2025-04-02T08:30:01.354Z,,in stock,,2025-04-01T09:41:40.089Z,2025-04-12T04:05:08.965Z,2.76
523,C063,,8906010504083,16GM*24PKT*12JAR CRUNCHYCOCONUTCREAM WAFERS,CHOCOLATE,19053211,104935,0,50,0,36,0,,884.51,,,in stock,,2025-04-01T09:41:41.434Z,2025-04-11T08:49:41.279Z,1.77
506,C043,,8906010500214,25GM*240 SEV MURMURA,SEV MURMURA,21069099,104534,0,5104,0,30,0,,847.18,,,in stock,,2025-04-01T09:41:40.164Z,2025-04-12T04:05:09.055Z,3.27
507,C044,,8906010500245,25GM*240 MASALA SEV MURMURA,SEV MURMURA,21069099,104535,0,17072,0,30,0,,847.18,2025-04-02T08:30:01.507Z,,in stock,,2025-04-01T09:41:40.239Z,2025-04-12T04:05:09.150Z,3.27
570,C111,,8906010504649,40GM*120 KATAK BATAK HING JEERA,KATAK BATAK,21069099,102106,0,12,0,0,0,,847.18,,,in stock,,2025-04-01T09:41:44.943Z,2025-04-10T09:24:45.847Z,0.87
531,C071,,8906010501488,45GM*90 POP RINGS MASALA,POP RINGS,21069099,104615,0,196,0,24,0,,635.38,,,in stock,,2025-04-01T09:41:42.032Z,2025-04-12T04:05:10.558Z,3.85
513,C053,,8906010503529,135GM*24 CRUNCHEM MASALA MASTI WAFERS,CRUNCHEM,20052000,100222,0,2855,0,30,0,,677.74,,,in stock,,2025-04-01T09:41:40.690Z,2025-04-12T04:05:09.434Z,2.76
537,C078,,8906010502836,45GM*144 PUNJABI TADKA,PUNJABI,20089999,103223,0,210,0,30,0,,1016.61,,,in stock,,2025-04-01T09:41:42.478Z,2025-04-12T04:05:10.934Z,2.97
553,C094,,8906010500382,240GM*20 TIKHA MITHA MIX,NAMKIN,21069099,102735,0,1403,0,40,0,,635.38,2025-04-02T08:30:02.744Z,,in stock,,2025-04-01T09:41:43.672Z,2025-04-12T04:05:11.403Z,1.09
555,C096,,8906010500238,250GM*20 MAGDAL,NAMKIN,21069099,101437,0,121,0,40,0,,705.98,,,in stock,,2025-04-01T09:41:43.820Z,2025-04-11T13:02:41.974Z,0.62
590,C135,,8906010500283,45GM*180 SHING BHUJIA,NAMKIN,21069099,102047,0,54,0,96,0,,1270.76,,,in stock,,2025-04-01T09:41:46.438Z,2025-04-12T04:05:12.455Z,2.00
543,C084,,8906010500320,235GM*20 FARALICHEVDO,FARALI,21069099,101057,0,493,0,40,0,,705.98,,,in stock,,2025-04-01T09:41:42.925Z,2025-04-11T11:22:42.296Z,1.09
559,C100,,8906010503505,400GM*10 ALOO SEV,SEV,21069099,102525,0,401,0,60,0,,600.08,,,in stock,,2025-04-01T09:41:44.120Z,2025-04-10T10:25:15.723Z,1.01
487,C022,,8906010502829,45GM*120 AMAIZE SIMPLY SALTED NACHOS,AMAIZE,21069099,104757,0,70,0,25,0,,847.18,,,in stock,,2025-04-01T09:41:38.742Z,2025-04-12T04:05:07.686Z,4.05
488,C024,,8906010502300,45GM*120 AMAIZE FLAMIN' HOT NACHOS,AMAIZE,21069099,104751,0,1046,0,25,0,,847.18,,,in stock,,2025-04-01T09:41:38.817Z,2025-04-12T04:05:07.780Z,4.05
591,C136,,8906010500344,45GM*180 ALOO SEV,SEV,21069099,102533,0,126,0,30,0,,1270.76,,,in stock,,2025-04-01T09:41:46.514Z,2025-04-12T04:05:12.549Z,2.57
486,C021,,8906010504663,25GM*240 AMAIZE JALAPENO CORN CHIPS,AMAIZE,21069099,104764,0,194,0,30,0,,847.18,,,in stock,,2025-04-01T09:41:38.668Z,2025-04-11T12:20:58.273Z,3.83
554,C095,,8906010500207,240GM*20 CHANADAL,NAMKIN,21069099,101238,0,25,0,40,0,,635.38,,,in stock,,2025-04-01T09:41:43.746Z,2025-04-11T17:26:17.572Z,0.62
499,C036,,8906010500627,25GM*240 C.P.NAMKIN {TANGY TOMATO},C.P.NAMKIN,21069099,103341,0,9034,0,24,0,,847.18,,,in stock,,2025-04-01T09:41:39.640Z,2025-04-12T04:05:08.421Z,3.72
500,C037,,8906010500894,25GM*240 C.P.NAMKIN {CHINESE CHATKA},C.P.NAMKIN,21069099,103343,0,2781,0,24,0,,847.18,,,in stock,,2025-04-01T09:41:39.715Z,2025-04-12T04:05:08.512Z,3.72
504,C041,,8906010504625,22GM*120 GIPPI TORNADO FLAMIN CHILLI,GIPPI,21069099,104622,0,4876,0,30,0,,423.59,2025-04-02T08:30:01.200Z,,in stock,,2025-04-01T09:41:40.016Z,2025-04-12T04:05:08.873Z,3.83
467,C002,,8906010500047,15GM*192 CRUNCHEM MASALA MASTI WAFERS,CRUNCHEM,20052000,100219,0,4078,0,30,0,,717.61,2025-04-02T08:29:59.050Z,,in stock,,2025-04-01T09:41:37.233Z,2025-04-12T04:05:06.311Z,3.83
516,C056,,8906010503482,135GM*24  CRUNCHEM  TOMATO TWIST WAFERS,CRUNCHEM,20052000,100230,0,2451,0,30,0,,677.74,,,in stock,,2025-04-01T09:41:40.912Z,2025-04-12T04:05:09.705Z,2.76
517,C057,,8906010503543,135GM*24 CRUNCHEM CHAT CHASKA WAFERS,CRUNCHEM,20052000,100233,0,1025,0,30,0,,677.74,,,in stock,,2025-04-01T09:41:40.987Z,2025-04-12T04:05:09.795Z,2.76
607,C155,,8906010504250,22GM*240 KATAK BATAK DESI MASALA,KATAK BATAK,21069099,102105,0,116,0,45,0,,847.18,,,in stock,,2025-04-01T09:41:47.706Z,2025-04-11T13:02:43.455Z,1.54
597,C142,,8906010500405,50GM*150 KHATA MITHA MIX,NAMKIN,21069099,102921,0,25,0,96,0,,1058.97,,,in stock,,2025-04-01T09:41:46.960Z,2025-04-12T04:05:13.013Z,2.00
519,C059,,8906010503611,135GM*24 CRUNCHEX CHILI TADKA WAFERS,CRUNCHEX,20052000,100240,0,1072,0,30,0,,677.74,,,in stock,,2025-04-01T09:41:41.137Z,2025-04-12T04:05:09.885Z,2.76
550,C091,,8906010503581,420GM*10 GIPPI MASALA NOODLES,GIPPI,19024090,104957,0,6,0,40,0,,388.29,,,in stock,,2025-04-01T09:41:43.449Z,2025-04-08T04:40:04.666Z,0.62
596,C141,,8906010502799,35GM*180 MITHA FARALICHEVDO,NAMKIN,21069099,101073,0,5,0,60,0,,1270.76,,,in stock,,2025-04-01T09:41:46.885Z,2025-04-07T09:39:42.436Z,2.30
619,ZI045,,00,22GM*120 GIPPI TORNADO FLAMIN CHILLI,GIPPI,21069099,104622,0,0,0,30,0,,423.59,,,in stock,,2025-04-02T13:32:50.995Z,2025-04-04T11:33:43.988Z,3.83
602,C148,,8906010503949,25GM*240 C.P NAMKIN (LASANIYA),C.P.NAMKIN,21069099,103346,0,1898,0,24,0,,847.18,2025-04-02T08:30:04.301Z,,in stock,,2025-04-01T09:41:47.333Z,2025-04-12T04:05:13.105Z,3.72
605,C153,,8906010503826,30GM*120 RUMBLES HOT CHILI WAFERS,RUMBLES,20052000,100246,0,597,0,30,0,,847.18,,,in stock,,2025-04-01T09:41:47.556Z,2025-04-12T04:05:13.387Z,3.66
581,C124,,8906010500306,25GM*240 RATLAMI SEV,SEV,21069099,102239,0,410,0,32,0,,847.18,,,in stock,,2025-04-01T09:41:45.765Z,2025-04-12T04:05:12.176Z,2.76
612,EOO1,,8906010504281,13GM*24PKT*12JAR OLEE CHOCO STIX,OLEE,19053211,104937,0,279,0,0,0,,884.51,,,in stock,,2025-04-01T09:41:48.077Z,2025-04-12T04:05:13.660Z,1.22
615,V157,,8906010500412,45GM*180 NIMBU CHATKA SHING BHUJIA,SHING BHUJIA,21069099,102050,0,49,0,96,0,,1270.76,,,in stock,,2025-04-01T09:41:48.300Z,2025-04-12T04:05:13.478Z,2.00
603,C149,,8906010500078,22GM*240 FARALI CHEVDO,FARALI,21069099,101071,0,7151,0,24,0,,847.18,2025-04-02T08:30:04.454Z,,in stock,,2025-04-01T09:41:47.407Z,2025-04-12T04:05:13.196Z,2.31
540,C081,,8906010501259,50GM*120 MASALA SEV MURMURA,SEV MURMURA,21069099,104525,0,692,0,24,0,,847.18,,,in stock,,2025-04-01T09:41:42.701Z,2025-04-12T04:05:11.120Z,3.27
616,V189,,8906010504236,45GM*120 BHEL MIX,BHEL,21069099,104545,0,51,0,24,0,,847.18,,,in stock,,2025-04-01T09:41:48.375Z,2025-04-12T04:05:13.570Z,3.27
520,C060,,8906010500511,50GM*120 C.P.NAMKIN (MASALA MASTI),C.P.NAMKIN,21069099,103344,0,890,0,30,0,,847.18,,,in stock,,2025-04-01T09:41:41.211Z,2025-04-12T04:05:09.975Z,2.65
549,C090,,8906010503376,280GM*20 GIPPI MASALA NOODLES,GIPPI,19024090,104956,0,27,0,40,0,,564.78,,,in stock,,2025-04-01T09:41:43.372Z,2025-04-10T10:06:10.024Z,0.78
599,C144,,8906010502683,40GM*30 SALTED PEANUTS,NAMKIN,20081920,101815,0,1932,0,180,0,,211.8,2025-04-02T08:30:04.147Z,,in stock,,2025-04-01T09:41:47.108Z,2025-04-12T03:59:14.916Z,0.22
568,C109,,8906010504861,400GM*10 BHUJIA SEV,SEV,21069099,102304,0,10,0,0,0,,635.38,,,in stock,,2025-04-01T09:41:44.792Z,2025-04-11T12:21:52.884Z,1.01
511,C051,,8906010503628,65GM*72 CRUNCHEM TOMATO TWIST WAFERS,CRUNCHEM,20052000,100229,0,25,0,30,0,,1016.61,,,in stock,,2025-04-01T09:41:40.540Z,2025-04-10T09:19:22.271Z,3.66
508,C046,,8906010502041,22GM*240 BHEL MIX,BHEL,21069099,104544,0,2041,0,30,0,,847.18,2025-04-02T08:30:01.661Z,,in stock,,2025-04-01T09:41:40.313Z,2025-04-12T04:05:09.249Z,3.10
524,C064,,8906010503994,NIMBU PANI CANDY ( 3.5GM*170*12 JAR ),CANDY,17049020,104925,0,106,0,0,0,,1219.71,,,in stock,,2025-04-01T09:41:41.511Z,2025-04-12T04:05:10.181Z,1.08
526,C066,,8906010503574,16GM*24PKT*12JAR RICH CHOCOLATE CREAM WAFERS,CHOCOLATE,19053211,104931,0,87,0,36,0,,884.51,,,in stock,,2025-04-01T09:41:41.660Z,2025-04-12T04:05:10.277Z,1.77
573,C114,,8906010500832,200GM*20 HEALTHY BITES MASALA KHAKHRA,HEALTHY BITES,190590,104001,0,53,0,0,0,,610.96,,,in stock,,2025-04-01T09:41:45.167Z,2025-04-10T14:49:24.127Z,0.39
609,C161,,8906010504205,22GM*120 SNACK'EM PONGA MASALA,SNACK'EM,21069099,104839,0,912,0,24,0,,423.59,2025-04-02T08:30:04.761Z,,in stock,,2025-04-01T09:41:47.853Z,2025-04-11T16:13:48.132Z,3.91
518,C058,,8906010503604,135GM*24 CRUNCHEX SALTED WAFERS,CRUNCHEX,20052000,100237,0,330,0,30,0,,677.74,,,in stock,,2025-04-01T09:41:41.062Z,2025-04-12T03:59:13.185Z,2.76
576,C118,,8906010500559,22GM*240 MAGDAL,NAMKIN,21069099,101442,0,13036,0,45,0,,897.01,2025-04-02T08:30:03.051Z,,in stock,,2025-04-01T09:41:45.393Z,2025-04-12T04:05:11.703Z,1.33
530,C070,,8906010501242,45GM*72 WHEELOS MASALA,WHEELOS,21069099,104830,0,1924,0,24,0,,508.31,,,in stock,,2025-04-01T09:41:41.958Z,2025-04-12T04:05:10.465Z,3.82
539,C080,,8906010500542,50GM*120 SEV MURMURA,SEV MURMURA,21069099,104524,0,242,0,24,0,,847.18,,,in stock,,2025-04-01T09:41:42.627Z,2025-04-12T04:05:11.025Z,3.27
606,C154,,8906010504199,22GM*240 KATAK BATAK CHILLI LEMON,KATAK BATAK,21069099,102104,0,199,0,45,0,,847.18,,,in stock,,2025-04-01T09:41:47.631Z,2025-04-11T17:26:17.095Z,1.54
580,C123,,8906010500429,25GM*240 GATHIYA,GATHIYA,21069099,103144,0,1968,0,30,0,,847.18,2025-04-02T08:30:03.512Z,,in stock,,2025-04-01T09:41:45.690Z,2025-04-12T04:05:12.083Z,2.99
600,C145,,8906010500443,40GM*30 MASALA SHING,NAMKIN,21069099,101814,0,120,0,180,0,,211.8,,,in stock,,2025-04-01T09:41:47.183Z,2025-04-12T03:59:15.008Z,0.22
574,C115,,8906010500856,200GM*20 HEALTHY BITES METHI KHAKHRA,HEALTHY BITES,190590,104002,0,64,0,0,0,,610.96,,,in stock,,2025-04-01T09:41:45.244Z,2025-04-10T14:49:24.226Z,0.39
593,C138,,8906010500436,50GM*144 GATHIYA,GATHIYA,21069099,103164,0,49,0,24,0,,1016.61,,,in stock,,2025-04-01T09:41:46.662Z,2025-04-12T04:05:12.736Z,3.35
594,C139,,8906010500313,50GM*144 RATLAMI SEV,SEV,21069099,102240,0,25,0,96,0,,1016.61,,,in stock,,2025-04-01T09:41:46.737Z,2025-04-12T04:05:12.827Z,2.62
610,C187,,8906010504298,70GM*100 GIPPI FLAMIN' CHILLI NOODLES,GIPPI,19024090,104964,0,1372,120,40,0,,705.98,,,in stock,,2025-04-01T09:41:47.928Z,2025-04-11T17:26:17.282Z,1.26
522,C062,,8906010504120,24GM*40PKT*6 DUMBAR PEANUT CHIKKI,CHIKKI,17049020,104406,0,330,0,36,0,,850.5,2025-04-02T08:30:02.132Z,,in stock,,2025-04-01T09:41:41.360Z,2025-04-11T17:26:15.870Z,0.87
595,C140,,8906010500375,50GM*150 TIKHA MITHA MIX,NAMKIN,21069099,102733,0,146,0,96,0,,1058.97,,,in stock,,2025-04-01T09:41:46.811Z,2025-04-12T04:05:12.916Z,2.00
561,C102,,8906010503895,230GM*20 MITHA FARALICHEVDO,FARALI,21069099,101067,0,0,0,48,0,,847.18,,,in stock,,2025-04-01T09:41:44.270Z,2025-04-03T12:58:39.014Z,1.09
562,C103,,8906010502171,300GM*10 GATHIYA,GATHIYA,21069099,103138,0,60,0,40,0,,388.29,,,in stock,,2025-04-01T09:41:44.344Z,2025-04-11T13:01:44.346Z,1.01
551,C092,,8906010503468,240GM*20 NAVRATAN MIX,NAMKIN,21069099,102806,0,36,0,40,0,,635.38,,,in stock,,2025-04-01T09:41:43.523Z,2025-04-10T09:41:13.127Z,1.09
569,C110,,8906010504700,210GM*20 BHUJIA SEV,SEV,21069099,102302,0,70,0,0,0,,705.98,,,in stock,,2025-04-01T09:41:44.867Z,2025-04-11T13:02:41.867Z,1.09
564,C105,,8906010502478,500GM*10 KHATA MITHA MIX,NAMKIN,21069099,102923,0,161,0,80,0,,635.38,2025-04-02T08:30:02.898Z,,in stock,,2025-04-01T09:41:44.492Z,2025-04-11T17:26:16.146Z,1.01
563,C104,,8906010500566,500GM*10 TIKHA MITHA MIX,NAMKIN,21069099,102731,0,1681,0,60,0,,635.38,,,in stock,,2025-04-01T09:41:44.417Z,2025-04-12T04:05:11.504Z,1.01
565,C106,,8906010502317,400GM*10 SHING BHUJIA,NAMKIN,21069099,102034,0,76,0,80,0,,600.08,,,in stock,,2025-04-01T09:41:44.567Z,2025-04-09T11:15:05.323Z,0.61
544,C085,,8906010502706,50GM*120 CHANA JOR GARAM,CHANA JOR,21069099,104912,0,0,0,24,0,,847.18,,,in stock,,2025-04-01T09:41:43.000Z,2025-04-03T12:53:09.630Z,1.97
577,C119,,8906010500276,22GM*288 SHING BHUJIA,SHING BHUJIA,21069099,102046,0,3034,0,120,0,,1016.61,,,in stock,,2025-04-01T09:41:45.467Z,2025-04-12T04:05:11.800Z,1.89
584,C127,,8906010500368,25GM*240 TIKHA MITHA MIX,NAMKIN,21069099,102728,0,3055,0,120,0,,847.18,2025-04-02T08:30:03.818Z,,in stock,,2025-04-01T09:41:45.990Z,2025-04-12T04:05:12.270Z,2.23
589,C134,,8906010500221,45GM*144 MAGDAL,NAMKIN,21069099,101443,0,344,0,45,0,,1016.61,,,in stock,,2025-04-01T09:41:46.363Z,2025-04-12T04:05:12.363Z,1.42
586,C129,,8906010502065,25GM*240 CLASSIC SEV,SEV,21069099,103143,0,134,0,24,0,,847.18,,,in stock,,2025-04-01T09:41:46.140Z,2025-04-10T16:27:26.633Z,2.37
560,C101,,8906010501884,400GM*10 CLASSIC SEV,SEV,21069099,103134,0,2,0,60,0,,529.49,,,in stock,,2025-04-01T09:41:44.195Z,2025-04-10T04:28:13.314Z,1.01
558,C099,,8906010503499,400GM*10 RATLAMI SEV,SEV,21069099,102232,0,67,0,80,0,,529.49,,,in stock,,2025-04-01T09:41:44.046Z,2025-04-09T11:15:05.139Z,1.01
566,C107,,8906010502249,500GM*10 CHANADAL,NAMKIN,21069099,101236,0,3,0,60,0,,635.38,,,in stock,,2025-04-01T09:41:44.642Z,2025-04-10T06:50:23.364Z,0.61
552,C093,,8906010503697,240GM*20 KHATA MITHA MIX,NAMKIN,21069099,102925,0,160,0,40,0,,635.38,2025-04-02T08:30:02.591Z,,in stock,,2025-04-01T09:41:43.598Z,2025-04-11T16:27:45.183Z,1.09
588,C133,,8906010503598,50GM*150 NAVRATAN MIX,NAMKIN,21069099,102805,0,3,0,96,0,,1058.97,,,in stock,,2025-04-01T09:41:46.289Z,2025-04-09T12:13:01.760Z,2.00
585,C128,,8906010500399,25GM*240 KHATA MITHA MIX,NAMKIN,21069099,102920,0,1029,0,120,0,,847.18,2025-04-02T08:30:03.972Z,,in stock,,2025-04-01T09:41:46.065Z,2025-04-11T16:27:46.145Z,2.23
557,C098,,8906010500573,450GM*10 FARALICHEVDO,FARALI,21069099,101062,0,169,0,60,0,,670.68,,,in stock,,2025-04-01T09:41:43.971Z,2025-04-11T12:21:50.214Z,1.01
533,C073,,8906010500153,25GM*180 BANANA MAST MARI WAFERS,BANANA,20089999,100827,0,15,0,30,0,,1270.76,,,in stock,,2025-04-01T09:41:42.180Z,2025-04-11T09:47:03.521Z,2.73
582,C125,,8906010500702,25GM*240 CHANADAL,NAMKIN,21069099,101241,0,1481,0,45,0,,847.18,2025-04-02T08:30:03.665Z,,in stock,,2025-04-01T09:41:45.841Z,2025-04-12T03:59:13.967Z,1.33
598,C143,,8906010500191,50GM*144 CHANADAL,NAMKIN,21069099,101242,0,11,0,96,0,,1016.61,,,in stock,,2025-04-01T09:41:47.034Z,2025-04-12T03:59:14.821Z,1.42
529,C069,,8906010503871,16GM*24PKT*12JAR YUMMY VANILLA CREAM WAFERS,CHOCOLATE,19053211,104934,0,41,0,36,0,,884.51,,,in stock,,2025-04-01T09:41:41.883Z,2025-04-12T04:05:10.370Z,1.77
532,C072,,8906010501495,45GM*90 POP RINGS YUMMY CHEESE,POP RINGS,21069099,104614,0,188,0,24,0,,635.38,,,in stock,,2025-04-01T09:41:42.106Z,2025-04-12T04:05:10.650Z,3.85
546,C087,,8906010502201,250GM*24 CHANA JOR GARAM,CHANA JOR,21069099,104929,0,64,0,30,0,,762.46,,,in stock,,2025-04-01T09:41:43.149Z,2025-04-12T04:05:11.216Z,1.59
571,C112,,8906010502164,45GM*120 KATAK BATAK CHILLI LEMON,KATAK BATAK,21069099,102103,0,342,0,45,0,,847.18,,,in stock,,2025-04-01T09:41:45.018Z,2025-04-12T04:05:11.603Z,1.22
545,C086,,8906010500580,210GM*20 RATLAMI SEV,SEV,21069099,102236,0,254,0,40,0,,564.78,,,in stock,,2025-04-01T09:41:43.074Z,2025-04-11T13:01:43.970Z,1.09
613,I162,,8906010503062,15GM*192 CRUNCHEX SALTED WAFERS,CRUNCHEX,20052000,100241,0,0,0,30,0,,717.61,,,in stock,,2025-04-01T09:41:48.151Z,2025-04-03T13:14:56.092Z,3.83
614,I163,,8906010503079,15GM*192 CRUNCHEX CHILI TADKA WAFERS,CRUNCHEX,20052000,100238,0,0,0,30,0,,717.61,,,in stock,,2025-04-01T09:41:48.226Z,2025-04-03T13:15:14.172Z,3.83
611,C188,,8906010501914,50GM*144 CLASSIC SEV,SEV,21069099,103163,0,2,0,0,0,,1016.61,,,in stock,,2025-04-01T09:41:48.003Z,2025-04-09T12:13:05.155Z,2.70
601,C147,,8906010503239,22GM*60 MASALA CHANA,NAMKIN,21069099,104930,0,570,0,120,0,,211.8,,,in stock,,2025-04-01T09:41:47.258Z,2025-04-11T17:26:16.810Z,0.39
608,C160,,8906010504359,22GM*120 SNACK'EM CHOKDI MASALA,SNACK'EM,21069099,104838,0,2363,0,24,0,,423.59,2025-04-02T08:30:04.607Z,,in stock,,2025-04-01T09:41:47.779Z,2025-04-12T03:59:15.375Z,3.91
548,C089,,8906010501822,70GM*100 GIPPI MASALA NOODLES,GIPPI,19024090,104967,0,5423,0,40,0,,847.18,2025-04-02T08:30:02.438Z,,in stock,,2025-04-01T09:41:43.298Z,2025-04-12T04:05:11.308Z,1.26
592,C137,,8906010502676,40GM*180 BHUJIA SEV,SEV,21069099,102303,0,20,0,0,0,,1270.76,,,in stock,,2025-04-01T09:41:46.589Z,2025-04-12T04:05:12.643Z,2.21
604,C150,,8906010500085,45GM*180 FARALI CHEVDO,FARALI,21069099,101072,0,558,0,30,0,,1270.76,,,in stock,,2025-04-01T09:41:47.482Z,2025-04-12T04:05:13.285Z,2.30