id,order_date,order_number,party_name,plant,total_quantity,total_volume,vehicle_number,driver_name,created_by_id,created_at,notes,is_backed_up
1201,2025-04-07T00:00:00.000Z,64693,KUBER AGENCIES - SILLOD,INDORE,831,2502.40,,,2,2025-04-06T11:44:54.416Z,,false
1192,2025-04-07T00:00:00.000Z,64684,SRI KRISHNA ENTERPRISES - RAJDANWAR,INDORE,859,2834.30,,,2,2025-04-06T11:44:52.646Z,,false
1170,2025-04-07T00:00:00.000Z,64662,RUDRA ENTERPRISES - C S NAGAR,VALSAD,268,940.90,46,,2,2025-04-06T11:44:48.194Z,,false
1195,2025-04-07T00:00:00.000Z,64687,SIDDHI VINAYAK SALES - NEPANAGAR,INDORE,629,1847.50,,,2,2025-04-06T11:44:53.198Z,,false
855,2025-04-03T00:00:00.000Z,64463,SRI KRISHNA ENTERPRISES - RAJDANWAR,INDORE,919,2788.90,,,2,2025-04-02T13:57:09.394Z,,false
1178,2025-04-07T00:00:00.000Z,64670,SHRUSHTI ENTERPRISES - KHALAPUR,VALSAD,564,1473.40,184,,2,2025-04-06T11:44:49.776Z,,false
1155,2025-04-07T00:00:00.000Z,64647,SHUBHANKAR AGENCY - PARNER,VALSAD,894,2927.60,166,,2,2025-04-06T11:44:44.851Z,,false
548,2025-04-01T00:00:00.000Z,64302,SHIV ENTERPRISES - KONDHWA,VALSAD,667,2380.30,21{MH-46-F-3325},TEST,2,2025-04-01T14:34:16.702Z,TEST,false
1172,2025-04-07T00:00:00.000Z,64664,VARSHA ENTERPRISES - C S NAGAR,VALSAD,915,2793.80,58,,2,2025-04-06T11:44:48.564Z,,false
551,2025-04-01T00:00:00.000Z,64305,SHITAL AGENCIES - BARAMATI,VALSAD,859,2712.80,105{GJ-15-AV-7525},TEST,2,2025-04-01T14:34:17.328Z,TEST,false
1401,2025-04-10T00:00:00.000Z,64827,PUJA BHAKTI DISTRIBUTORS - C S NAGAR,VALSAD,893,2828.00,59,,2,2025-04-09T11:49:15.302Z,,false
1094,2025-04-06T00:00:00.000Z,64586,JAIN DISTRIBUTORS - C S NAGAR,VALSAD,960,2876.20,182,,2,2025-04-05T11:05:14.267Z,,false
1175,2025-04-07T00:00:00.000Z,64667,JAISWAL ENTERPRISES - PEN,VALSAD,891,2855.90,179,,2,2025-04-06T11:44:49.165Z,,false
545,2025-04-01T00:00:00.000Z,64299,MAHAVEER DISTRIBUTORS - KARMAD,VALSAD,1074,3183.10,43{MH-46-AR-2625},TEST,2,2025-04-01T14:34:15.971Z,TEST,false
606,2025-04-02T00:00:00.000Z,64360,OMKAR DISTRIBUTORS - NARAYANGAON,VALSAD,790,2674.60,108 {GJ-15-AV-7825},TEST,2,2025-04-01T14:39:22.934Z,TEST,false
1096,2025-04-06T00:00:00.000Z,64588,PUJA BHAKTI DISTRIBUTORS - C S NAGAR,VALSAD,598,1988.90,175,,2,2025-04-05T11:05:18.073Z,,false
549,2025-04-01T00:00:00.000Z,64303,SHARAD AGENCY - KUTHRUD,VALSAD,485,1709.90,26{MH-46-F-5525},TEST,2,2025-04-01T14:34:16.890Z,TEST,false
1179,2025-04-07T00:00:00.000Z,64671,K K MARKETING - KADAV,VALSAD,405,1296.80,184,,2,2025-04-06T11:44:50.022Z,,false
1188,2025-04-07T00:00:00.000Z,64680,RAJASHREE SALES - RASTA PETH,VALSAD,725,2399.50,67,,2,2025-04-06T11:44:51.792Z,,false
1191,2025-04-07T00:00:00.000Z,64683,JAIDEO ENTERPRISES - SURIYA,INDORE,784,2840.20,,,2,2025-04-06T11:44:52.462Z,,false
1160,2025-04-07T00:00:00.000Z,64652,BALAJI ENTERPRISES - ALANDI DEVACHI,VALSAD,929,2981.20,113,,2,2025-04-06T11:44:45.963Z,,false
1166,2025-04-07T00:00:00.000Z,64658,RUHI ENTERPRISES - PCMC,VALSAD,801,2793.80,12,,2,2025-04-06T11:44:47.254Z,,false
1190,2025-04-07T00:00:00.000Z,64682,JAIDEO ENTERPRISES - SURIYA,INDORE,822,2845.60,,,2,2025-04-06T11:44:52.218Z,,false
1171,2025-04-07T00:00:00.000Z,64663,VARSHA ENTERPRISES - C S NAGAR,VALSAD,568,1943.30,46,,2,2025-04-06T11:44:48.379Z,,false
1156,2025-04-07T00:00:00.000Z,64648,OMKAR AGENCIES - SHIRUR,VALSAD,892,2871.20,69,,2,2025-04-06T11:44:45.048Z,,false
1169,2025-04-07T00:00:00.000Z,64661,RUDRA ENTERPRISES - C S NAGAR,VALSAD,900,2840.50,47,,2,2025-04-06T11:44:47.952Z,,false
1158,2025-04-07T00:00:00.000Z,64650,VAHANVATI AGENCY - LONAVALA,VALSAD,960,2706.20,105,,2,2025-04-06T11:44:45.529Z,,false
1198,2025-04-07T00:00:00.000Z,64690,RADHEY ENTERPRISES - HARDA,INDORE,937,2837.70,,,2,2025-04-06T11:44:53.863Z,,false
1164,2025-04-07T00:00:00.000Z,64656,AARYA ENTERPRISES - NIGDI,VALSAD,823,2837.80,44,,2,2025-04-06T11:44:46.821Z,,false
1197,2025-04-07T00:00:00.000Z,64689,SAI ABHISHEK ENTERPRISES - KHAKNAR,INDORE,925,2837.30,,,2,2025-04-06T11:44:53.623Z,,false
1199,2025-04-07T00:00:00.000Z,64691,KABRA SALES - KHANDWA,INDORE,875,2834.90,,,2,2025-04-06T11:44:54.053Z,,false
1196,2025-04-07T00:00:00.000Z,64688,SANSKAR ENTERPRISES - BURHANPUR,INDORE,968,2793.10,,,2,2025-04-06T11:44:53.440Z,,false
1180,2025-04-07T00:00:00.000Z,64672,VIHAN ENTERPRISES - NERAL,VALSAD,753,2477.00,89,,2,2025-04-06T11:44:50.206Z,,false
1185,2025-04-07T00:00:00.000Z,64677,UMANG AGENCY - SHELAR,VALSAD,857,2856.70,178,,2,2025-04-06T11:44:51.233Z,,false
1161,2025-04-07T00:00:00.000Z,64653,MEGHA ENTERPRISES - DEHU ROAD,VALSAD,877,2975.20,112,,2,2025-04-06T11:44:46.211Z,,false
1101,2025-04-06T00:00:00.000Z,64593,SHREE VYANKATESH TRADERS - WALUJ,VALSAD,860,2812.60,54,,2,2025-04-05T11:05:28.209Z,,false
1019,2025-04-05T00:00:00.000Z,64572,JAY AMBE MARKETING - VADA,VALSAD,906,2849.40,46,,2,2025-04-04T17:46:40.698Z,,false
1177,2025-04-07T00:00:00.000Z,64669,SHYAM AGENCY - BHIWANDI,VALSAD,893,2998.70,122,,2,2025-04-06T11:44:49.587Z,,false
1107,2025-04-06T00:00:00.000Z,64599,SANSKRUTI ENTERPRISES - WAGHOLI,VALSAD,581,1947.70,75,,2,2025-04-05T11:05:46.785Z,,false
1000,2025-04-05T00:00:00.000Z,64553,JAY SHANKAR TRADING - KARAD,VALSAD,986,2822.20,02,,2,2025-04-04T17:46:34.143Z,,false
1194,2025-04-07T00:00:00.000Z,64686,DHUNI SALES - PANDHANA,INDORE,196,592.50,,,2,2025-04-06T11:44:53.011Z,,false
989,2025-04-05T00:00:00.000Z,64542,SACHIN AGENCIES - KOLHAPUR,VALSAD,840,2797.20,165,,2,2025-04-04T17:46:30.402Z,,false
1176,2025-04-07T00:00:00.000Z,64668,SHIVSAI AGENCY - ALIBAUG,VALSAD,770,2371.20,35,,2,2025-04-06T11:44:49.400Z,,false
1365,2025-04-09T00:00:00.000Z,64791,EKDANT ENTERPRISES - TITWALA,VALSAD,862,2741.40,40,,2,2025-04-08T11:34:32.625Z,,false
1165,2025-04-07T00:00:00.000Z,64657,OM ENTERPRISES - TATHAWADI,VALSAD,851,3013.70,26,,2,2025-04-06T11:44:47.065Z,,false
1183,2025-04-07T00:00:00.000Z,64675,CHHAYA ENTERPRISES - AMBERNATH,VALSAD,880,2825.30,168,,2,2025-04-06T11:44:50.816Z,,false
1162,2025-04-07T00:00:00.000Z,64654,SANGAM ENTERPRISES - BANER,VALSAD,851,2370.20,99,,2,2025-04-06T11:44:46.396Z,,false
1174,2025-04-07T00:00:00.000Z,64666,SHRINIVASA AGENCIES - AHMADPUR,VALSAD,910,2858.60,54,,2,2025-04-06T11:44:48.982Z,,false
994,2025-04-05T00:00:00.000Z,64547,GURUMAULI ENTERPRISES - TASGAON,VALSAD,493,1645.40,119,,2,2025-04-04T17:46:32.040Z,,false
1186,2025-04-07T00:00:00.000Z,64678,SHREE SAI AGENCIES - NANDED,VALSAD,825,2844.50,185,,2,2025-04-06T11:44:51.419Z,,false
1200,2025-04-07T00:00:00.000Z,64692,SHREE SAI AGENCIES - NANDED,INDORE,691,2371.30,,,2,2025-04-06T11:44:54.236Z,,false
1182,2025-04-07T00:00:00.000Z,64674,CHHAYA ENTERPRISES - AMBERNATH,VALSAD,859,2712.30,107,,2,2025-04-06T11:44:50.634Z,,false
1168,2025-04-07T00:00:00.000Z,64660,M/S. ANUJ AGENCY - PHULAMBRI,VALSAD,827,2515.50,92,,2,2025-04-06T11:44:47.755Z,,false
998,2025-04-05T00:00:00.000Z,64551,LALA AGENCIES - MIRAJ,VALSAD,578,1978.50,64,,2,2025-04-04T17:46:33.443Z,,false
1189,2025-04-07T00:00:00.000Z,64681,H K ENTERPRISES - RAMGADH,INDORE,827,2840.60,,,2,2025-04-06T11:44:52.037Z,,false
1187,2025-04-07T00:00:00.000Z,64679,SHREYA AGENCIES - AKLUJ,VALSAD,756,2429.50,66,,2,2025-04-06T11:44:51.607Z,,false
1243,2025-04-08T00:00:00.000Z,64735,MANVI ENTERPRISES - MADGAON,VALSAD,1064,2768.20,151,,2,2025-04-07T12:48:58.766Z,,false
1163,2025-04-07T00:00:00.000Z,64655,SANGAM ENTERPRISES - BANER,VALSAD,801,2859.70,160,,2,2025-04-06T11:44:46.636Z,,false
1159,2025-04-07T00:00:00.000Z,64651,MAULI AGENCIES - PCMC,VALSAD,843,2969.30,36,,2,2025-04-06T11:44:45.777Z,,false
1193,2025-04-07T00:00:00.000Z,64685,SHRI SHIVA SALES - GIRIDIH,INDORE,865,2834.50,,,2,2025-04-06T11:44:52.829Z,,false
1362,2025-04-09T00:00:00.000Z,64788,CHHAYA ENTERPRISES - AMBERNATH,VALSAD,904,2889.10,131,,2,2025-04-08T11:34:32.013Z,,false
1181,2025-04-07T00:00:00.000Z,64673,SANJARI ENTERPRISE - RATNAGIRI,VALSAD,907,2968.90,111,,2,2025-04-06T11:44:50.390Z,,false
554,2025-04-01T00:00:00.000Z,64308,DISHA AGENCIES - MOHOL,VALSAD,313,880.60,12{MH-46-F-1925},TEST,2,2025-04-01T14:34:17.952Z,TEST,false
993,2025-04-05T00:00:00.000Z,64546,ADITYA ENTERPRISES - VITA,VALSAD,880,2789.50,09,,2,2025-04-04T17:46:31.729Z,,false
1406,2025-04-10T00:00:00.000Z,64832,TANMAY MARKETING - AMBEJOGAI,VALSAD,545,1566.60,50,,2,2025-04-09T11:49:16.421Z,,false
1011,2025-04-05T00:00:00.000Z,64564,KIRTAN AGENCY - URAN,VALSAD,947,2765.70,186,,2,2025-04-04T17:46:37.944Z,,false
556,2025-04-01T00:00:00.000Z,64310,SHIV SALES - SOLAPUR,VALSAD,859,2845.90,167{GJ-15-AX-3925},TEST,2,2025-04-01T14:34:18.326Z,TEST,false
555,2025-04-01T00:00:00.000Z,64309,SAHAJANAND AGENCY - SOLAPUR,VALSAD,931,3005.20,119{GJ-15-AV-9525},TEST,2,2025-04-01T14:34:18.138Z,TEST,false
1095,2025-04-06T00:00:00.000Z,64587,JAIN DISTRIBUTORS - C S NAGAR,VALSAD,228,854.40,175,,2,2025-04-05T11:05:16.167Z,,false
1032,2025-04-05T00:00:00.000Z,64585,RADHIKA AGENCIES - PARBHANI,INDORE,743,2375.40,,,2,2025-04-04T17:46:45.235Z,,false
990,2025-04-05T00:00:00.000Z,64543,SACHIN AGENCIES - KOLHAPUR,VALSAD,492,1739.50,152,,2,2025-04-04T17:46:30.711Z,,false
1029,2025-04-05T00:00:00.000Z,64582,OM AGENCIES - HINGOLI,INDORE,903,2845.60,,,2,2025-04-04T17:46:44.199Z,,false
624,2025-04-02T00:00:00.000Z,64378,S K SALES - DIVA,VALSAD,884,2851.80,143{GJ-15-AX-1525},TEST,2,2025-04-01T14:39:26.671Z,TEST,false
1014,2025-04-05T00:00:00.000Z,64567,PRAGATI SALES AGENCY - VASHI,VALSAD,876,2788.80,182,,2,2025-04-04T17:46:38.970Z,,false
1003,2025-04-05T00:00:00.000Z,64556,RAGHAV ENTERPRISES - SOLAPUR,VALSAD,827,2981.50,,,2,2025-04-04T17:46:35.168Z,,false
1006,2025-04-05T00:00:00.000Z,64559,PARSHURAM NARAYAN BHINGARDE - SANGMESHWAR,VALSAD,723,2356.70,73,,2,2025-04-04T17:46:36.201Z,,false
1010,2025-04-05T00:00:00.000Z,64563,SAI GANESH AGENCY - SALAV,VALSAD,772,2650.40,83,,2,2025-04-04T17:46:37.534Z,,false
822,2025-04-03T00:00:00.000Z,64430,SHIVSAI AGENCY - ALIBAUG,VALSAD,733,2344.80,74,,2,2025-04-02T13:57:02.512Z,,false
1017,2025-04-05T00:00:00.000Z,64570,CHHAYA ENTERPRISES - AMBERNATH,VALSAD,912,2871.70,176,,2,2025-04-04T17:46:39.992Z,,false
1023,2025-04-05T00:00:00.000Z,64576,MHATRE ENTERPRISES - NAVELI,VALSAD,915,2978.90,111,,2,2025-04-04T17:46:42.114Z,,false
570,2025-04-01T00:00:00.000Z,64324,RAJESH AGENCIES - MANTHA,VALSAD,411,1309.60,144{GJ-15-AX-1625},TEST,2,2025-04-01T14:34:21.361Z,TEST,false
1031,2025-04-05T00:00:00.000Z,64584,SARSWATI AGENCY - WRANGA PHATHA,INDORE,436,1371.30,,,2,2025-04-04T17:46:44.825Z,,false
1018,2025-04-05T00:00:00.000Z,64571,OM ENTERPRISES - MURBAD,VALSAD,878,2809.60,49,,2,2025-04-04T17:46:40.303Z,,false
553,2025-04-01T00:00:00.000Z,64307,HIREN RETAILING ENTERPRISES - SOLAPUR,VALSAD,572,1908.80,12{MH-46-F-1925},TEST,2,2025-04-01T14:34:17.706Z,TEST,false
552,2025-04-01T00:00:00.000Z,64306,SHITAL AGENCIES - BARAMATI,VALSAD,798,2678.70,108{GJ-15-AV-7825},TEST,2,2025-04-01T14:34:17.518Z,TEST,false
984,2025-04-05T00:00:00.000Z,64537,MAHALAXMI AGENCY - KOLHAPUR,VALSAD,871,2855.60,16,,2,2025-04-04T17:46:28.603Z,,false
997,2025-04-05T00:00:00.000Z,64550,NAMARATA AGENCY - MALGAON,VALSAD,129,440.40,64,,2,2025-04-04T17:46:33.136Z,,false
1021,2025-04-05T00:00:00.000Z,64574,SUSHILA ENTERPRISES - KALYAN,VALSAD,886,2840.60,58,,2,2025-04-04T17:46:41.410Z,,false
1012,2025-04-05T00:00:00.000Z,64565,YACHIKET ENTERPRISES - NAVI MUMBAI,VALSAD,499,1673.10,66,,2,2025-04-04T17:46:38.266Z,,false
1122,2025-04-06T00:00:00.000Z,64614,SHREE SAI AGENCIES - NANDED,VALSAD,539,1640.00,78,,2,2025-04-05T11:05:59.870Z,,false
1008,2025-04-05T00:00:00.000Z,64561,VAHANVATI AGENCY - KHED,VALSAD,329,841.40,92,,2,2025-04-04T17:46:36.909Z,,false
981,2025-04-05T00:00:00.000Z,64534,JYOTIRLING TRADERS & SIDHAI AGENCY - MALKAPUR,VALSAD,407,1257.30,177,,2,2025-04-04T17:46:27.503Z,,false
979,2025-04-05T00:00:00.000Z,64532,SARSWATI AGENCY - SHIRALA,VALSAD,215,637.60,90,,2,2025-04-04T17:46:26.705Z,,false
1007,2025-04-05T00:00:00.000Z,64560,HASMUKH TEA DEPOT - DAPOLI,VALSAD,553,1690.40,92,,2,2025-04-04T17:46:36.513Z,,false
1030,2025-04-05T00:00:00.000Z,64583,SHRI SAI AGENCIES - MAHAGAON,INDORE,440,1462.90,,,2,2025-04-04T17:46:44.510Z,,false
991,2025-04-05T00:00:00.000Z,64544,SUBHASH AGENCY - BHUDARGAD,VALSAD,432,1100.00,152,,2,2025-04-04T17:46:31.018Z,,false
558,2025-04-01T00:00:00.000Z,64312,R K AGENCIES - PANDHARPUR,VALSAD,720,2082.70,55{MH-46-BF-3725},TEST,2,2025-04-01T14:34:18.759Z,TEST,false
1024,2025-04-05T00:00:00.000Z,64577,G M SALES - RAJGURUNAGAR,VALSAD,682,2344.40,72,,2,2025-04-04T17:46:42.427Z,,false
1118,2025-04-06T00:00:00.000Z,64610,YASHVI ENTERPRISE - DOMBIVLI,VALSAD,699,2323.00,74,,2,2025-04-05T11:05:58.819Z,,false
1004,2025-04-05T00:00:00.000Z,64557,SHIV SALES - SOLAPUR,VALSAD,905,2996.30,116,,2,2025-04-04T17:46:35.480Z,,false
557,2025-04-01T00:00:00.000Z,64311,SAMARTH KRUPA ENTERPRISES - AKKALKOT,VALSAD,942,3073.70,126{GJ-15-AV-6656},TEST,2,2025-04-01T14:34:18.571Z,TEST,false
1001,2025-04-05T00:00:00.000Z,64554,HIREN RETAILING ENTERPRISES - SOLAPUR,VALSAD,616,2033.30,52,,2,2025-04-04T17:46:34.454Z,,false
1015,2025-04-05T00:00:00.000Z,64568,KARTHIK  ENTERPRISES - THANE,VALSAD,927,3029.20,117,,2,2025-04-04T17:46:39.279Z,,false
1013,2025-04-05T00:00:00.000Z,64566,VIGHNESH ENTERPRISES - ULWE,VALSAD,238,738.40,66,,2,2025-04-04T17:46:38.577Z,,false
983,2025-04-05T00:00:00.000Z,64536,SHREE BIRADEV MARKETING - ICHALKARANJI,VALSAD,860,2850.80,59,,2,2025-04-04T17:46:28.134Z,,false
999,2025-04-05T00:00:00.000Z,64552,SHREENATH AGENCY - KARAD,VALSAD,701,2407.50,100,,2,2025-04-04T17:46:33.752Z,,false
988,2025-04-05T00:00:00.000Z,64541,SUMAN TRADERS - PETH VADGAON,VALSAD,485,1687.70,157,,2,2025-04-04T17:46:30.005Z,,false
1108,2025-04-06T00:00:00.000Z,64600,VAISHNAV ENTERPRISES - PUNE,VALSAD,128,439.40,75,,2,2025-04-05T11:05:48.946Z,,false
1028,2025-04-05T00:00:00.000Z,64581,SHREE ENTERPRISES - KHIRKIYA,INDORE,839,2374.20,,,2,2025-04-04T17:46:43.780Z,,false
996,2025-04-05T00:00:00.000Z,64549,NEW BALLALESHWR AGENCY - SANGLI,VALSAD,827,2849.30,180,,2,2025-04-04T17:46:32.743Z,,false
987,2025-04-05T00:00:00.000Z,64540,HANUMANDAS KRUPA MARKETING - SHIROLI,VALSAD,350,1118.20,157,,2,2025-04-04T17:46:29.699Z,,false
1022,2025-04-05T00:00:00.000Z,64575,SHREE GOVIND ENTERPRISES - KONGAON,VALSAD,769,2449.10,65,,2,2025-04-04T17:46:41.719Z,,false
1027,2025-04-05T00:00:00.000Z,64580,BALAJI SALES - ITARSI,INDORE,1011,2842.00,,,2,2025-04-04T17:46:43.456Z,,false
982,2025-04-05T00:00:00.000Z,64535,RAJDEEP AGENCIES - MALHARPETH,VALSAD,459,1595.80,177,,2,2025-04-04T17:46:27.820Z,,false
1020,2025-04-05T00:00:00.000Z,64573,S K SALES - DIVA,VALSAD,935,3015.10,26,,2,2025-04-04T17:46:41.008Z,,false
985,2025-04-05T00:00:00.000Z,64538,SHREE SAI DATTA ENTERPRISES - KOLHAPUR,VALSAD,394,1202.20,148,,2,2025-04-04T17:46:28.913Z,,false
1005,2025-04-05T00:00:00.000Z,64558,SHIV SALES - SOLAPUR,VALSAD,822,2867.70,164,,2,2025-04-04T17:46:35.797Z,,false
1120,2025-04-06T00:00:00.000Z,64612,MAHEK AGENCY - MUMBRA,VALSAD,831,2863.20,166,,2,2025-04-05T11:05:59.498Z,,false
1002,2025-04-05T00:00:00.000Z,64555,RAGHAV ENTERPRISES - SOLAPUR,VALSAD,278,793.60,52,,2,2025-04-04T17:46:34.859Z,,false
992,2025-04-05T00:00:00.000Z,64545,SWARUP AGENCY - KOLHAPUR,VALSAD,833,2859.60,147,,2,2025-04-04T17:46:31.327Z,,false
986,2025-04-05T00:00:00.000Z,64539,RISHIRAJ AGENCY - CHINCHWAD,VALSAD,528,1666.20,148,,2,2025-04-04T17:46:29.230Z,,false
1167,2025-04-07T00:00:00.000Z,64659,SHREE GANESH AGENCIES - PAUD,VALSAD,733,2384.10,77,,2,2025-04-06T11:44:47.499Z,,false
1405,2025-04-10T00:00:00.000Z,64831,SHREYAS AGENCY - MAJALGAON,VALSAD,749,2359.10,72,,2,2025-04-09T11:49:16.223Z,,false
1026,2025-04-05T00:00:00.000Z,64579,SHRIVIKA ENTERPRISES - GAMHARIA,INDORE,687,2381.30,,,2,2025-04-04T17:46:43.138Z,,false
1203,2025-04-08T00:00:00.000Z,64695,MAHAVEER DISTRIBUTORS - KARMAD,VALSAD,961,3053.80,03,,2,2025-04-07T12:48:50.367Z,,false
561,2025-04-01T00:00:00.000Z,64315,GURUKRUPA ENTERPRISES - KALAMBOLI,VALSAD,917,2857.30,156{GJ-15-AX-2725},TEST,2,2025-04-01T14:34:19.389Z,TEST,false
562,2025-04-01T00:00:00.000Z,64316,PRABHU SALES AGENCY - PANVEL,VALSAD,850,3019.70,116{GJ-15-AV-8725},TEST,2,2025-04-01T14:34:19.646Z,TEST,false
559,2025-04-01T00:00:00.000Z,64313,SHRI BHAVANI AGENCY - TEMBHURNI,VALSAD,352,1150.10,55{MH-46-BF-3725},TEST,2,2025-04-01T14:34:19.014Z,TEST,false
1219,2025-04-08T00:00:00.000Z,64711,SHREENATH AGENCY - KARAD,VALSAD,858,2890.20,178,,2,2025-04-07T12:48:53.766Z,,false
560,2025-04-01T00:00:00.000Z,64314,SHREENATH AGENCY - KARAD,VALSAD,878,2939.80,05{MH-06-AQ-2825},TEST,2,2025-04-01T14:34:19.201Z,TEST,false
1215,2025-04-08T00:00:00.000Z,64707,DISHA AGENCIES - MOHOL,VALSAD,663,2220.70,51,,2,2025-04-07T12:48:52.901Z,,false
622,2025-04-02T00:00:00.000Z,64376,VIJAY LAXMI ENTERPRISES - BHIWANDI,VALSAD,639,2119.70,177{GJ-15-AX-4925},TEST,2,2025-04-01T14:39:26.239Z,TEST,false
563,2025-04-01T00:00:00.000Z,64317,KIRAN SALES - BORLI,VALSAD,720,2433.90,50{MH-46-BB-9725},TEST,2,2025-04-01T14:34:19.845Z,TEST,false
1411,2025-04-10T00:00:00.000Z,64837,AMARNATH AGENCY - LATUR,VALSAD,713,2431.10,113,,2,2025-04-09T11:49:17.515Z,,false
565,2025-04-01T00:00:00.000Z,64319,SANJARI ENTERPRISE - RATNAGIRI,VALSAD,836,2777.70,163{GJ-15-AX-3525},TEST,2,2025-04-01T14:34:20.293Z,TEST,false
564,2025-04-01T00:00:00.000Z,64318,SHRI SWAMI SAMARTH AGENCIES - CHIPLUN,VALSAD,938,3052.80,113{GJ-15-AV-8325},TEST,2,2025-04-01T14:34:20.034Z,TEST,false
1121,2025-04-06T00:00:00.000Z,64613,OM ENTERPRISES - MURBAD,VALSAD,859,2818.60,156,,2,2025-04-05T11:05:59.685Z,,false
1246,2025-04-08T00:00:00.000Z,64738,SHREE SAI AGENCIES - PIPARIYA,INDORE,666,1931.80,,,2,2025-04-07T12:48:59.455Z,,false
1206,2025-04-08T00:00:00.000Z,64698,SHRI NARAYANA AGENCIES - GANGAKHED,VALSAD,776,2490.50,30,,2,2025-04-07T12:48:51.035Z,,false
1238,2025-04-08T00:00:00.000Z,64730,SHREE SAI AGENCIES - NANDED,VALSAD,737,2696.80,83,,2,2025-04-07T12:48:57.715Z,,false
1231,2025-04-08T00:00:00.000Z,64723,OM ENTERPRISES - MURBAD,VALSAD,911,2864.70,180,,2,2025-04-07T12:48:56.285Z,,false
1208,2025-04-08T00:00:00.000Z,64700,SHIV ENTERPRISES - KONDHWA,VALSAD,791,2843.40,156,,2,2025-04-07T12:48:51.469Z,,false
1213,2025-04-08T00:00:00.000Z,64705,SAHAJANAND AGENCY - SOLAPUR,VALSAD,818,2833.00,158,,2,2025-04-07T12:48:52.528Z,,false
1221,2025-04-08T00:00:00.000Z,64713,PRABHU SALES AGENCY - PANVEL,VALSAD,875,2826.70,165,,2,2025-04-07T12:48:54.150Z,,false
1370,2025-04-09T00:00:00.000Z,64796,SHARAD AGENCY - KUTHRUD,VALSAD,464,1515.60,15,,2,2025-04-08T11:34:33.699Z,,false
1204,2025-04-08T00:00:00.000Z,64696,AMARNATH AGENCY - LATUR,VALSAD,1035,3006.20,122,,2,2025-04-07T12:48:50.553Z,,false
1242,2025-04-08T00:00:00.000Z,64734,BALAJI AGENCY - PONDA GOA,VALSAD,1029,2522.00,87,,2,2025-04-07T12:48:58.579Z,,false
1250,2025-04-08T00:00:00.000Z,64742,M. BAGRI ENTERPRISES - JABALPUR,INDORE,285,819.10,,,2,2025-04-07T12:49:00.249Z,,false
1209,2025-04-08T00:00:00.000Z,64701,SHRI BHAVANI AGENCY - TEMBHURNI,VALSAD,755,2380.90,95,,2,2025-04-07T12:48:51.658Z,,false
1217,2025-04-08T00:00:00.000Z,64709,R K AGENCIES - PANDHARPUR,VALSAD,772,2409.60,55,,2,2025-04-07T12:48:53.329Z,,false
1354,2025-04-09T00:00:00.000Z,64780,SUSHILA ENTERPRISES - KALYAN,VALSAD,937,3003.00,33,,2,2025-04-08T11:34:30.343Z,,false
1222,2025-04-08T00:00:00.000Z,64714,PRABHU SALES AGENCY - PANVEL,VALSAD,212,744.40,65,,2,2025-04-07T12:48:54.412Z,,false
1184,2025-04-07T00:00:00.000Z,64676,NAVNEET ENTERPRISES - KALYAN,VALSAD,849,2733.10,181,,2,2025-04-06T11:44:50.997Z,,false
1097,2025-04-06T00:00:00.000Z,64589,PUJA BHAKTI DISTRIBUTORS - C S NAGAR,VALSAD,890,2983.80,115,,2,2025-04-05T11:05:19.915Z,,false
1247,2025-04-08T00:00:00.000Z,64739,SHIV SHAKTI TRADING - NARMADAPURAM,INDORE,233,553.70,,,2,2025-04-07T12:48:59.693Z,,false
1205,2025-04-08T00:00:00.000Z,64697,F K DISTRIBUTORS - DHARASHIV,VALSAD,876,2971.80,128,,2,2025-04-07T12:48:50.847Z,,false
1249,2025-04-08T00:00:00.000Z,64741,GURUVAR TRADERS - GOTEGAON,INDORE,461,1533.40,,,2,2025-04-07T12:49:00.062Z,,false
1116,2025-04-06T00:00:00.000Z,64608,GURUKRUPA ENTERPRISES - KALAMBOLI,VALSAD,972,2866.30,69,,2,2025-04-05T11:05:57.938Z,,false
1245,2025-04-08T00:00:00.000Z,64737,VISHRANTI ENTERPRISES - CUWCOLIM,VALSAD,499,1330.70,182,,2,2025-04-07T12:48:59.262Z,,false
1226,2025-04-08T00:00:00.000Z,64718,SANJARI ENTERPRISE - RATNAGIRI,VALSAD,878,2826.30,176,,2,2025-04-07T12:48:55.240Z,,false
1109,2025-04-06T00:00:00.000Z,64601,VAISHNAV ENTERPRISES - PUNE,VALSAD,883,3035.70,121,,2,2025-04-05T11:05:50.429Z,,false
1207,2025-04-08T00:00:00.000Z,64699,TIRUPATI AGENCY - GANGAKHED,VALSAD,728,2385.80,73,,2,2025-04-07T12:48:51.224Z,,false
1216,2025-04-08T00:00:00.000Z,64708,SAMARTH KRUPA ENTERPRISES - AKKALKOT,VALSAD,836,2879.20,12,,2,2025-04-07T12:48:53.145Z,,false
1115,2025-04-06T00:00:00.000Z,64607,R G AGENCY - LONERE,VALSAD,872,2980.40,124,,2,2025-04-05T11:05:57.430Z,,false
1228,2025-04-08T00:00:00.000Z,64720,MAHEK AGENCY - MUMBRA,VALSAD,868,3007.10,116,,2,2025-04-07T12:48:55.667Z,,false
840,2025-04-03T00:00:00.000Z,64448,AVENUE SUPERMARTS LTD - NIMSHIRGAON,VALSAD,975,2607.50,107,,2,2025-04-02T13:57:06.288Z,,false
1098,2025-04-06T00:00:00.000Z,64590,BAJRANG TRADERS - C S NAGAR,VALSAD,945,2995.60,150,,2,2025-04-05T11:05:22.243Z,,false
1244,2025-04-08T00:00:00.000Z,64736,SAISHYAM AGENCIES - VASCO,VALSAD,510,1495.60,182,,2,2025-04-07T12:48:59.022Z,,false
1230,2025-04-08T00:00:00.000Z,64722,SHYAM AGENCY - BHIWANDI,VALSAD,929,2994.60,126,,2,2025-04-07T12:48:56.041Z,,false
1212,2025-04-08T00:00:00.000Z,64704,SAHAJANAND AGENCY - SOLAPUR,VALSAD,891,2875.80,167,,2,2025-04-07T12:48:52.284Z,,false
1218,2025-04-08T00:00:00.000Z,64710,VIGHNESHWAR AGENCY - JATH,VALSAD,185,574.40,55,,2,2025-04-07T12:48:53.518Z,,false
1210,2025-04-08T00:00:00.000Z,64702,SHITAL AGENCIES - BARAMATI,VALSAD,865,2741.20,107,,2,2025-04-07T12:48:51.902Z,,false
1225,2025-04-08T00:00:00.000Z,64717,SHRI SWAMI SAMARTH AGENCIES - CHIPLUN,VALSAD,858,2827.80,164,,2,2025-04-07T12:48:55.054Z,,false
1202,2025-04-08T00:00:00.000Z,64694,PUJA BHAKTI DISTRIBUTORS - C S NAGAR,VALSAD,890,2963.30,124,,2,2025-04-07T12:48:50.152Z,,false
1223,2025-04-08T00:00:00.000Z,64715,SHRI SAMARTH KRUPA TRADERS - MOHAPADA,VALSAD,514,1641.50,65,,2,2025-04-07T12:48:54.610Z,,false
1227,2025-04-08T00:00:00.000Z,64719,CHHAYA ENTERPRISES - AMBERNATH,VALSAD,1010,2841.60,148,,2,2025-04-07T12:48:55.428Z,,false
1248,2025-04-08T00:00:00.000Z,64740,SHRI KRISHNA ENTERPRISES - GADARWARA,INDORE,66,97.50,,,2,2025-04-07T12:48:59.878Z,,false
1236,2025-04-08T00:00:00.000Z,64728,SWARAJ ENTERPRISES - PARBHANI,VALSAD,821,2800.70,49,,2,2025-04-07T12:48:57.270Z,,false
1157,2025-04-07T00:00:00.000Z,64649,MANGALMURTI ENTERPRISES - LONIKAND,VALSAD,956,2852.60,146,,2,2025-04-06T11:44:45.234Z,,false
1229,2025-04-08T00:00:00.000Z,64721,MAHEK AGENCY - MUMBRA,VALSAD,913,2842.30,59,,2,2025-04-07T12:48:55.853Z,,false
1408,2025-04-10T00:00:00.000Z,64834,ISHWARKRUPA MARKETING - PARLI VAIJNATH,VALSAD,962,2962.00,17,,2,2025-04-09T11:49:16.875Z,,false
1251,2025-04-08T00:00:00.000Z,64743,PARAG SALES CORPORATION - JABALPUR,INDORE,738,2348.90,,,2,2025-04-07T12:49:00.485Z,,false
1367,2025-04-09T00:00:00.000Z,64793,S K SALES - DIVA,VALSAD,806,2498.40,88,,2,2025-04-08T11:34:33.048Z,,false
1409,2025-04-10T00:00:00.000Z,64835,SHIVAM MARKETING - PATHARI,VALSAD,931,2983.70,33,,2,2025-04-09T11:49:17.068Z,,false
1125,2025-04-06T00:00:00.000Z,64617,F K DISTRIBUTORS - DHARASHIV,VALSAD,754,2388.00,94,,2,2025-04-05T11:06:02.818Z,,false
1153,2025-04-06T00:00:00.000Z,64645,SHREE SAI AGENCIES - NANDED,INDORE,786,2446.60,,,2,2025-04-05T11:06:08.868Z,,false
569,2025-04-01T00:00:00.000Z,64323,NATHKRUPA AGENCY - KUMBHAR PIMPALGAON,VALSAD,509,1531.20,144{GJ-15-AX-1625},TEST,2,2025-04-01T14:34:21.167Z,TEST,false
1145,2025-04-06T00:00:00.000Z,64637,BALAJI MARKETING - KASRAWAD,INDORE,294,1053.50,,,2,2025-04-05T11:06:07.041Z,,false
1128,2025-04-06T00:00:00.000Z,64620,AASWAD ENTERPRISES - SANGAMNER,VALSAD,853,2691.90,108,,2,2025-04-05T11:06:03.446Z,,false
914,2025-04-04T00:00:00.000Z,64522,LUMBIKA TRADERS - PARASIA,INDORE,337,934.60,,,2,2025-04-03T13:22:52.104Z,,false
568,2025-04-01T00:00:00.000Z,64322,OM ENTERPRISES - MURBAD,VALSAD,882,2788.10,54{MH-46-BF-3625},TEST,2,2025-04-01T14:34:20.917Z,TEST,false
1110,2025-04-06T00:00:00.000Z,64602,TIRUPATI ENTERPRISES - KHARADI,VALSAD,899,2967.40,120,,2,2025-04-05T11:05:51.955Z,,false
995,2025-04-05T00:00:00.000Z,64548,SHRI RAM MARKETING - JAYSINGPUR,VALSAD,362,1177.10,119,,2,2025-04-04T17:46:32.432Z,,false
1133,2025-04-06T00:00:00.000Z,64625,SHREE GAJANAN AGENCIES - SHRIRAMPUR,VALSAD,913,2901.20,176,,2,2025-04-05T11:06:04.532Z,,false
1143,2025-04-06T00:00:00.000Z,64635,AVENUE SUPERMARTS LTD - CHANDKHED,VALSAD,1090,2419.00,50,,2,2025-04-05T11:06:06.635Z,,false
1257,2025-04-08T00:00:00.000Z,64749,NEW GST TRADERS - JALNA,INDORE,834,2793.10,,,2,2025-04-07T12:49:01.743Z,,false
1113,2025-04-06T00:00:00.000Z,64605,DHANLAXMI TRADERS - KHOPOLI,VALSAD,769,2513.70,30,,2,2025-04-05T11:05:56.588Z,,false
1102,2025-04-06T00:00:00.000Z,64594,RANA AGENCY - PAITHAN,VALSAD,941,2990.00,05,,2,2025-04-05T11:05:30.124Z,,false
918,2025-04-04T00:00:00.000Z,64526,WAHEGURU AGENCY - LANJI ROAD,INDORE,371,1241.40,,,2,2025-04-03T13:22:52.964Z,,false
919,2025-04-04T00:00:00.000Z,64527,RADHEY ENTERPRISES - HARDA,INDORE,1006,2833.30,,,2,2025-04-03T13:22:53.154Z,,false
1025,2025-04-05T00:00:00.000Z,64578,RADHIKA AGENCIES - PARBHANI,VALSAD,846,2837.90,133,,2,2025-04-04T17:46:42.827Z,,false
1146,2025-04-06T00:00:00.000Z,64638,BALAJI MARKETING - KASRAWAD,INDORE,965,2847.60,,,2,2025-04-05T11:06:07.305Z,,false
1152,2025-04-06T00:00:00.000Z,64644,SHRI AMAR AGENCIES - BETUL,INDORE,974,2787.20,,,2,2025-04-05T11:06:08.619Z,,false
851,2025-04-03T00:00:00.000Z,64459,H K ENTERPRISES - RAMGADH,INDORE,729,2434.20,,,2,2025-04-02T13:57:08.556Z,,false
1149,2025-04-06T00:00:00.000Z,64641,BHAVYA ENTERPRISES - BARWAHA,INDORE,394,1234.60,,,2,2025-04-05T11:06:07.946Z,,false
905,2025-04-04T00:00:00.000Z,64513,OMKARESHWAR AGENCY - SHRIGONDA,VALSAD,505,1587.40,125,,2,2025-04-03T13:22:50.241Z,,false
1142,2025-04-06T00:00:00.000Z,64634,KIRANAKART - BHIWANDI,VALSAD,1193,2601.00,106,,2,2025-04-05T11:06:06.441Z,,false
1141,2025-04-06T00:00:00.000Z,64633,KIRANAKART - PADGHA,VALSAD,973,2184.50,51,,2,2025-04-05T11:06:06.248Z,,false
1126,2025-04-06T00:00:00.000Z,64618,SAI AGENCY - KALAS,VALSAD,861,2996.60,126,,2,2025-04-05T11:06:03.007Z,,false
1140,2025-04-06T00:00:00.000Z,64632,KIRANAKART - PADGHA,VALSAD,973,2184.50,169,,2,2025-04-05T11:06:06.051Z,,false
571,2025-04-01T00:00:00.000Z,64325,SHREE DATT AGENCIES - AMBAD,VALSAD,749,2322.90,100{GJ-15-AV-7225},TEST,2,2025-04-01T14:34:21.549Z,TEST,false
1150,2025-04-06T00:00:00.000Z,64642,SIYA AGENCY - SANAWAD,INDORE,523,1564.80,,,2,2025-04-05T11:06:08.163Z,,false
906,2025-04-04T00:00:00.000Z,64514,RAJ AGENCIES - SHREEGONDA,VALSAD,425,1380.20,125,,2,2025-04-03T13:22:50.432Z,,false
1132,2025-04-06T00:00:00.000Z,64624,RUCHITA TRADERS - DEOLALI RAHURI,VALSAD,768,2406.10,35,,2,2025-04-05T11:06:04.336Z,,false
1130,2025-04-06T00:00:00.000Z,64622,VAIBHAV AGENCY - AHMEDNAGAR,VALSAD,753,2398.20,96,,2,2025-04-05T11:06:03.887Z,,false
920,2025-04-04T00:00:00.000Z,64528,SANSKAR ENTERPRISES - BURHANPUR,INDORE,969,2799.50,,,2,2025-04-03T13:22:53.404Z,,false
910,2025-04-04T00:00:00.000Z,64518,DIPAM TRADERS - PANDHURNA,INDORE,112,261.70,,,2,2025-04-03T13:22:51.291Z,,false
912,2025-04-04T00:00:00.000Z,64520,M/S R K AGENCIES - BHAINSDEHI,INDORE,923,2839.50,,,2,2025-04-03T13:22:51.669Z,,false
923,2025-04-04T00:00:00.000Z,64531,SHREE SAI AGENCIES - NANDED,INDORE,818,2835.40,,,2,2025-04-03T13:22:54.070Z,,false
1144,2025-04-06T00:00:00.000Z,64636,PANWAR TRADING COMPANY - MAHESHWAR,INDORE,533,1772.80,,,2,2025-04-05T11:06:06.844Z,,false
1135,2025-04-06T00:00:00.000Z,64627,SWARA ENTERPRISES - SANGAMNER,VALSAD,903,2915.40,15,,2,2025-04-05T11:06:04.972Z,,false
1131,2025-04-06T00:00:00.000Z,64623,TRIMURTI TRADERS - RAHURI,VALSAD,804,2611.50,62,,2,2025-04-05T11:06:04.080Z,,false
1138,2025-04-06T00:00:00.000Z,64630,"OM SAI AGENCY - AKOLE, AHMEDNAGAR",VALSAD,940,2987.80,118,,2,2025-04-05T11:06:05.617Z,,false
567,2025-04-01T00:00:00.000Z,64321,JAY AMBE MARKETING - VADA,VALSAD,943,2950.60,33{MH-46-AF-7025},TEST,2,2025-04-01T14:34:20.730Z,TEST,false
915,2025-04-04T00:00:00.000Z,64523,JAY GANESH - SEONI,INDORE,192,608.80,,,2,2025-04-03T13:22:52.356Z,,false
1148,2025-04-06T00:00:00.000Z,64640,PARTH AGENCY - JHIRANIYA,INDORE,596,1923.90,,,2,2025-04-05T11:06:07.692Z,,false
1139,2025-04-06T00:00:00.000Z,64631,SHYAM AGENCY - BHIWANDI,VALSAD,156,608.20,169,,2,2025-04-05T11:06:05.861Z,,false
1127,2025-04-06T00:00:00.000Z,64619,SHRI SWAMI SAMARTH AGENCY - NARSI,VALSAD,977,2841.60,163,,2,2025-04-05T11:06:03.252Z,,false
572,2025-04-01T00:00:00.000Z,64326,PAVAN AGENCY - PARTUR,VALSAD,783,2482.70,24{MH-46-F-5325},TEST,2,2025-04-01T14:34:21.794Z,TEST,false
1258,2025-04-08T00:00:00.000Z,64750,SHUBHAM MARKETING - DEULGAON MAHI,INDORE,777,2460.70,,,2,2025-04-07T12:49:01.931Z,,false
1134,2025-04-06T00:00:00.000Z,64626,SHRI GURUKRUPA AGENCIES - AGADGAON,VALSAD,985,2967.20,125,,2,2025-04-05T11:06:04.779Z,,false
1129,2025-04-06T00:00:00.000Z,64621,MAHESH AGENCY - NEWASA,VALSAD,918,2847.10,158,,2,2025-04-05T11:06:03.640Z,,false
1260,2025-04-08T00:00:00.000Z,64752,MADHAVI AGENCY - BHOKAR,INDORE,904,2828.10,,,2,2025-04-07T12:49:02.364Z,,false
1151,2025-04-06T00:00:00.000Z,64643,DARBAR ENTERPRISES - GOGAWAN,INDORE,809,2545.30,,,2,2025-04-05T11:06:08.356Z,,false
1154,2025-04-06T00:00:00.000Z,64646,SHRI SWAMI SAMARTH AGENCY - NARSI,INDORE,688,2491.80,,,2,2025-04-05T11:06:09.060Z,,false
1099,2025-04-06T00:00:00.000Z,64591,BAJRANG TRADERS - C S NAGAR,VALSAD,420,1474.60,143,,2,2025-04-05T11:05:24.374Z,,false
1147,2025-04-06T00:00:00.000Z,64639,AADARSH AGENCIES - BHIKANGAON,INDORE,319,905.10,,,2,2025-04-05T11:06:07.498Z,,false
810,2025-04-03T00:00:00.000Z,64418,SAI AGENCY - UJANI,VALSAD,809,2530.70,50,,2,2025-04-02T13:56:59.870Z,,false
864,2025-04-03T00:00:00.000Z,64472,SHIV SHAKTI ENTERPRISES - NIRSA,INDORE,613,2219.50,,,2,2025-04-02T13:57:11.208Z,,false
1256,2025-04-08T00:00:00.000Z,64748,KOUSHAL TRADERS - SEONI MALWA,INDORE,900,2570.10,,,2,2025-04-07T12:49:01.504Z,,false
1104,2025-04-06T00:00:00.000Z,64596,BRAMHANI SALES - TALEGAON,VALSAD,696,2388.50,95,,2,2025-04-05T11:05:34.539Z,,false
1124,2025-04-06T00:00:00.000Z,64616,SHYAM AGENCY - BHIWANDI,VALSAD,967,2999.70,109,,2,2025-04-05T11:06:02.432Z,,false
1414,2025-04-10T00:00:00.000Z,64840,F K DISTRIBUTORS - DHARASHIV,VALSAD,503,1764.90,160,,2,2025-04-09T11:49:18.167Z,,false
1415,2025-04-10T00:00:00.000Z,64841,VISHNUPANT TRADERS - KALAMB,VALSAD,415,1284.40,160,,2,2025-04-09T11:49:18.359Z,,false
1255,2025-04-08T00:00:00.000Z,64747,SHREE RAM TRADERS - KAHANI,INDORE,164,419.50,,,2,2025-04-07T12:49:01.310Z,,false
1262,2025-04-08T00:00:00.000Z,64754,RAJESH AGENCIES - MANTHA,INDORE,741,2446.10,,,2,2025-04-07T12:49:02.789Z,,false
1136,2025-04-06T00:00:00.000Z,64628,OM AGENCY - SANGAMNER,VALSAD,566,1899.90,110,,2,2025-04-05T11:06:05.236Z,,false
1241,2025-04-08T00:00:00.000Z,64733,BALAJI AGENCY - PONDA GOA,VALSAD,916,2873.00,181,,2,2025-04-07T12:48:58.335Z,,false
595,2025-04-01T00:00:00.000Z,64349,GAYATRI AGENCY - BORI,INDORE,440,1429.00,80{GJ-15-AV-5025},TEST,2,2025-04-01T14:34:26.822Z,TEST,false
600,2025-04-02T00:00:00.000Z,64354,BAJRANG TRADERS - C S NAGAR,VALSAD,901,2926.00,47{MH-46-AR-6725},TEST,2,2025-04-01T14:39:21.636Z,TEST,false
1361,2025-04-09T00:00:00.000Z,64787,MAHI ENTERPRISES - MAHAD,VALSAD,686,2394.00,77,,2,2025-04-08T11:34:31.799Z,,false
897,2025-04-04T00:00:00.000Z,64505,EKDANT ENTERPRISES - TITWALA,VALSAD,860,2747.30,184,,2,2025-04-03T13:22:48.493Z,,false
827,2025-04-03T00:00:00.000Z,64435,SANJARI ENTERPRISE - RATNAGIRI,VALSAD,958,3010.60,123,,2,2025-04-02T13:57:03.566Z,,false
590,2025-04-01T00:00:00.000Z,64344,PARAG SALES CORPORATION - JABALPUR,INDORE,692,1969.70,82{GJ-15-AV-5225},TEST,2,2025-04-01T14:34:25.760Z,TEST,false
1418,2025-04-10T00:00:00.000Z,64844,SAI AGENCY - UJANI,VALSAD,837,2833.50,156,,2,2025-04-09T11:49:19.016Z,,false
592,2025-04-01T00:00:00.000Z,64346,SHIV SHAKTI TRADING - NARMADAPURAM,INDORE,927,2803.00,63{MH-46-BF-8925},TEST,2,2025-04-01T14:34:26.196Z,TEST,false
605,2025-04-02T00:00:00.000Z,64359,OMKAR DISTRIBUTORS - NARAYANGAON,VALSAD,879,2771.00,107 {GJ-15-AV-7725},TEST,2,2025-04-01T14:39:22.746Z,TEST,false
588,2025-04-01T00:00:00.000Z,64342,LAXMI SALES - JABALPUR,INDORE,322,1011.40,58{MH-46-BF-4025},TEST,2,2025-04-01T14:34:25.384Z,TEST,false
891,2025-04-04T00:00:00.000Z,64499,SHRI SWAMI SAMARTH AGENCIES - CHIPLUN,VALSAD,838,2724.60,108,,2,2025-04-03T13:22:47.249Z,,false
577,2025-04-01T00:00:00.000Z,64331,BALAJI AGENCY - PONDA GOA,VALSAD,968,2360.00,64{GJ-15-AV-2530},TEST,2,2025-04-01T14:34:22.946Z,TEST,false
591,2025-04-01T00:00:00.000Z,64345,M. BAGRI ENTERPRISES - JABALPUR,INDORE,192,448.10,63{MH-46-BF-8925},TEST,2,2025-04-01T14:34:26.007Z,TEST,false
881,2025-04-04T00:00:00.000Z,64489,SHIV ENTERPRISES - KONDHWA,VALSAD,828,3025.40,15,,2,2025-04-03T13:22:45.084Z,,false
837,2025-04-03T00:00:00.000Z,64445,GURUKRUPA ENTERPRISES - KALAMBOLI,VALSAD,900,2956.40,116,,2,2025-04-02T13:57:05.670Z,,false
796,2025-04-03T00:00:00.000Z,64404,SAI SAMARTH AGENCY - VAIJAPUR,VALSAD,992,3034.10,26,KRUSHNA KOHALE,2,2025-04-02T13:56:56.874Z,,false
609,2025-04-02T00:00:00.000Z,64363,SHREE BALAJI SERVICES - JALKOT,VALSAD,892,2877.90,176 {GJ-15-AX-4825},TEST,2,2025-04-01T14:39:23.543Z,TEST,false
585,2025-04-01T00:00:00.000Z,64339,SHRI VIDYA  SAGAR  ENTERPRISES - KARELI,INDORE,602,1586.80,89{GJ-15-AV-5925},TEST,2,2025-04-01T14:34:24.767Z,TEST,false
573,2025-04-01T00:00:00.000Z,64327,K.K. ASSOCIATES - JALNA,VALSAD,893,2742.40,104{GJ-15-AV-7425},TEST,2,2025-04-01T14:34:21.981Z,TEST,false
584,2025-04-01T00:00:00.000Z,64338,SHRI KRISHNA ENTERPRISES - GADARWARA,INDORE,303,628.20,83{GJ-15-AV-5325},TEST,2,2025-04-01T14:34:24.522Z,TEST,false
924,2025-04-04T00:00:00.000Z,64510,SHREE JALARAM AGENCIES - JAMBHULPADA,VALSAD,766,2402.60,21,,2,2025-04-04T07:06:55.351Z,,false
574,2025-04-01T00:00:00.000Z,64328,NEW GST TRADERS - JALNA,VALSAD,763,2333.20,103{GJ-15-AV-9425},TEST,2,2025-04-01T14:34:22.230Z,TEST,false
1100,2025-04-06T00:00:00.000Z,64592,SHREE VYANKATESH TRADERS - WALUJ,VALSAD,432,1407.80,143,,2,2025-04-05T11:05:26.305Z,,false
576,2025-04-01T00:00:00.000Z,64330,SWARAJ ENTERPRISES - PARBHANI,VALSAD,854,2830.50,154{GJ-15-AX-2425},TEST,2,2025-04-01T14:34:22.732Z,TEST,false
594,2025-04-01T00:00:00.000Z,64348,RADHIKA AGENCIES - PARBHANI,INDORE,304,1077.00,80{GJ-15-AV-5025},TEST,2,2025-04-01T14:34:26.632Z,TEST,false
581,2025-04-01T00:00:00.000Z,64335,VISHRANTI ENTERPRISES - CUWCOLIM,VALSAD,636,1764.40,72{GJ-15-AV-4225},TEST,2,2025-04-01T14:34:23.816Z,TEST,false
896,2025-04-04T00:00:00.000Z,64504,NAVNEET ENTERPRISES - KALYAN,VALSAD,766,2483.70,92,,2,2025-04-03T13:22:48.305Z,,false
587,2025-04-01T00:00:00.000Z,64341,GURUVAR TRADERS - GOTEGAON,INDORE,476,1541.10,152{GJ-15-AX-2225},TEST,2,2025-04-01T14:34:25.140Z,TEST,false
579,2025-04-01T00:00:00.000Z,64333,MANVI ENTERPRISES - MADGAON,VALSAD,871,2790.90,182{GJ-15-AX-5425},TEST,2,2025-04-01T14:34:23.381Z,TEST,false
593,2025-04-01T00:00:00.000Z,64347,SHREE SAI AGENCIES - NANDED,INDORE,940,2835.90,63{MH-46-BF-8925},TEST,2,2025-04-01T14:34:26.445Z,TEST,false
589,2025-04-01T00:00:00.000Z,64343,RUDRAAMBIKA ENTERPRISES - SHAHPURA,INDORE,81,213.00,82{GJ-15-AV-5225},TEST,2,2025-04-01T14:34:25.574Z,TEST,false
547,2025-04-01T00:00:00.000Z,64301,SHRI NARAYANA AGENCIES - GANGAKHED,VALSAD,698,2337.60,75{GJ-15-AV-4525},TEST,2,2025-04-01T14:34:16.487Z,TEST,false
583,2025-04-01T00:00:00.000Z,64337,SHREE SAI AGENCIES - PIPARIYA,INDORE,620,1527.80,140{GJ-15-AX-1225},TEST,2,2025-04-01T14:34:24.280Z,TEST,false
575,2025-04-01T00:00:00.000Z,64329,RADHIKA AGENCIES - PARBHANI,VALSAD,828,2770.80,132{GJ-15-AX-0325},TEST,2,2025-04-01T14:34:22.470Z,TEST,false
903,2025-04-04T00:00:00.000Z,64511,BHAIRAV ENTERPRISES - RABALE,VALSAD,739,2524.40,90,,2,2025-04-03T13:22:49.816Z,,false
1009,2025-04-05T00:00:00.000Z,64562,PRABHU SALES AGENCY - PANVEL,VALSAD,859,2841.20,150,,2,2025-04-04T17:46:37.218Z,,false
550,2025-04-01T00:00:00.000Z,64304,OM ENTERPRISES - TATHAWADI,VALSAD,347,1253.50,26{MH-46-F-5525},TEST,2,2025-04-01T14:34:17.141Z,TEST,false
578,2025-04-01T00:00:00.000Z,64332,MATESHWARI ENTERPRISES - MAPUSA,VALSAD,789,2325.00,74{GJ-15-AV-4425},TEST,2,2025-04-01T14:34:23.136Z,TEST,false
586,2025-04-01T00:00:00.000Z,64340,GURU KRIPA TRADERS - MANDLA,INDORE,184,485.40,89{GJ-15-AV-5925},TEST,2,2025-04-01T14:34:24.955Z,TEST,false
602,2025-04-02T00:00:00.000Z,64356,SHREE VYANKATESH TRADERS - WALUJ,VALSAD,977,3068.80,03 {MH-06-AQ-2325},TEST,2,2025-04-01T14:39:22.120Z,TEST,false
1268,2025-04-08T00:00:00.000Z,64760,GRUHLAXMI TRADERS - DEULGAON RAJA,INDORE,420,1289.00,,,2,2025-04-07T12:49:03.981Z,,false
580,2025-04-01T00:00:00.000Z,64334,MANVI ENTERPRISES - MADGAON,VALSAD,180,571.20,72{GJ-15-AV-4225},TEST,2,2025-04-01T14:34:23.631Z,TEST,false
597,2025-04-01T00:00:00.000Z,64351,K.K. ASSOCIATES - JALNA,INDORE,246,892.00,56{MH-46-BF-3825},TEST,2,2025-04-01T14:34:27.252Z,TEST,false
582,2025-04-01T00:00:00.000Z,64336,BALAJI SALES - ITARSI,INDORE,553,1382.50,140{GJ-15-AX-1225},TEST,2,2025-04-01T14:34:24.088Z,TEST,false
1119,2025-04-06T00:00:00.000Z,64611,LAXMI MARKETING - BADLAPUR,VALSAD,968,2857.10,159,,2,2025-04-05T11:05:59.172Z,,false
883,2025-04-04T00:00:00.000Z,64491,OMKAR DISTRIBUTORS - NARAYANGAON,VALSAD,840,2852.90,159,,2,2025-04-03T13:22:45.516Z,,false
1343,2025-04-09T00:00:00.000Z,64769,RAJLAXMI ENTERPRISES - SATARA,VALSAD,859,2857.10,147,,2,2025-04-08T11:34:28.107Z,,false
596,2025-04-01T00:00:00.000Z,64350,GRUHLAXMI TRADERS - DEULGAON RAJA,INDORE,793,2590.40,80{GJ-15-AV-5025},TEST,2,2025-04-01T14:34:27.008Z,TEST,false
1111,2025-04-06T00:00:00.000Z,64603,OMKAR DISTRIBUTORS - NARAYANGAON,VALSAD,942,2969.90,128,,2,2025-04-05T11:05:55.890Z,,false
1265,2025-04-08T00:00:00.000Z,64757,SHREE GAJANAN AGENCIES - JALNA,INDORE,390,1413.50,,,2,2025-04-07T12:49:03.412Z,,false
1234,2025-04-08T00:00:00.000Z,64726,SHREE DATT AGENCIES - AMBAD,VALSAD,915,2825.20,169,,2,2025-04-07T12:48:56.895Z,,false
1266,2025-04-08T00:00:00.000Z,64758,SHREE GAJANAN AGENCIES - JALNA,INDORE,928,2762.90,,,2,2025-04-07T12:49:03.605Z,,false
1267,2025-04-08T00:00:00.000Z,64759,MAHAVEER DISTRIBUTORS - KARMAD,INDORE,486,1549.90,,,2,2025-04-07T12:49:03.792Z,,false
1103,2025-04-06T00:00:00.000Z,64595,AMARNATH AGENCY - LATUR,VALSAD,979,2979.10,33,,2,2025-04-05T11:05:32.590Z,,false
1419,2025-04-10T00:00:00.000Z,64845,SIDDHESHWAR AGENCIES - NILANGA,VALSAD,885,2826.40,40,,2,2025-04-09T11:49:19.267Z,,false
1220,2025-04-08T00:00:00.000Z,64712,GURUKRUPA ENTERPRISES - KALAMBOLI,VALSAD,881,2850.20,147,,2,2025-04-07T12:48:53.957Z,,false
1417,2025-04-10T00:00:00.000Z,64843,JAGDMBA AGENCIES - OMERGA,VALSAD,781,2819.60,148,,2,2025-04-09T11:49:18.819Z,,false
842,2025-04-03T00:00:00.000Z,64450,ASHIRWAD ENTERPRISES - LATEHAR,INDORE,149,461.50,,,2,2025-04-02T13:57:06.659Z,,false
819,2025-04-03T00:00:00.000Z,64427,SANGAM ENTERPRISES - BANER,VALSAD,648,2417.10,95,,2,2025-04-02T13:57:01.887Z,,false
643,2025-04-02T00:00:00.000Z,64393,KABRA SALES - KHANDWA,INDORE,902,2698.90,,,2,2025-04-01T14:39:30.721Z,,false
625,2025-04-02T00:00:00.000Z,64379,GANESH TRADING CO - BASMAT,VALSAD,800,2872.40,134 {GJ-15-AX-0525},TEST,2,2025-04-01T14:39:26.860Z,TEST,false
841,2025-04-03T00:00:00.000Z,64449,KRISHNA TRADERS - NAGAR UNTARI,INDORE,176,599.10,,,2,2025-04-02T13:57:06.472Z,,false
611,2025-04-02T00:00:00.000Z,64365,KIRTAN AGENCY - URAN,VALSAD,331,993.20,94 {GJ-15-AV-6425},TEST,2,2025-04-01T14:39:23.984Z,TEST,false
627,2025-04-02T00:00:00.000Z,64381,MAHESH ENTERPRISES - HADAPSAR,VALSAD,878,2781.90,185{GJ-15-AX-5725},TEST,2,2025-04-01T14:39:27.283Z,TEST,false
636,2025-04-02T00:00:00.000Z,64400,SHREE SAI AGENCIES - NANDED,INDORE,732,2358.00,,,2,2025-04-01T14:39:29.232Z,,false
626,2025-04-02T00:00:00.000Z,64380,SHREE SAI AGENCIES - NANDED,VALSAD,828,2861.50,153 {GJ-15-AX-2325},TEST,2,2025-04-01T14:39:27.097Z,TEST,false
904,2025-04-04T00:00:00.000Z,64512,DHANSHREE AGENCIES - NAGAR KARJAT,VALSAD,758,2249.40,35,,2,2025-04-03T13:22:50.004Z,,false
621,2025-04-02T00:00:00.000Z,64375,AMRITKAR ENTERPRISES - DOMBIVLI,VALSAD,233,743.00,177{GJ-15-AX-4925},TEST,2,2025-04-01T14:39:26.052Z,TEST,false
633,2025-04-02T00:00:00.000Z,64387,VAIBHAV AGENCY - AHMEDNAGAR,VALSAD,911,2906.70,09{MH-46-F-1525},TEST,2,2025-04-01T14:39:28.513Z,TEST,false
802,2025-04-03T00:00:00.000Z,64410,SHIVAM MARKETING - PATHARI,VALSAD,940,3002.30,127,,2,2025-04-02T13:56:58.221Z,,false
604,2025-04-02T00:00:00.000Z,64358,SAI AGENCY - KALAS,VALSAD,691,2388.30,73 {GJ-15-AV-4325},TEST,2,2025-04-01T14:39:22.497Z,TEST,false
628,2025-04-02T00:00:00.000Z,64382,AASWAD ENTERPRISES - SANGAMNER,VALSAD,724,2381.70,77 {GJ-15-AV-4725},TEST,2,2025-04-01T14:39:27.470Z,TEST,false
601,2025-04-02T00:00:00.000Z,64355,JAIN DISTRIBUTORS - C S NAGAR,VALSAD,824,2852.00,178{GJ-15-AX-5025},TEST,2,2025-04-01T14:39:21.823Z,TEST,false
639,2025-04-02T00:00:00.000Z,64397,OM AGENCIES - HINGOLI,INDORE,888,2810.00,,,2,2025-04-01T14:39:29.861Z,,false
825,2025-04-03T00:00:00.000Z,64433,SHRUSHTI ENTERPRISES - KHALAPUR,VALSAD,827,2872.00,162,,2,2025-04-02T13:57:03.129Z,,false
634,2025-04-02T00:00:00.000Z,64388,SONA ENTERPRISES - SHEVGAON,VALSAD,879,2833.40,159{GJ-15-AX-3025},TEST,2,2025-04-01T14:39:28.790Z,TEST,false
629,2025-04-02T00:00:00.000Z,64383,MAHESH AGENCY - NEWASA,VALSAD,752,2368.70,67 {GJ-15-AV-2694},TEST,2,2025-04-01T14:39:27.707Z,TEST,false
632,2025-04-02T00:00:00.000Z,64386,SHRI GURUKRUPA AGENCIES - AGADGAON,VALSAD,963,2775.30,146{GJ-15-AX-2525},TEST,2,2025-04-01T14:39:28.322Z,TEST,false
630,2025-04-02T00:00:00.000Z,64384,SHREE GAJANAN AGENCIES - SHRIRAMPUR,VALSAD,769,2554.30,87{GJ-15-AV-5725},TEST,2,2025-04-01T14:39:27.889Z,TEST,false
613,2025-04-02T00:00:00.000Z,64367,SAI KRUPA ENTERPRISE - KALYAN,VALSAD,729,2371.50,35 {MH-46-AF-7525},TEST,2,2025-04-01T14:39:24.362Z,TEST,false
631,2025-04-02T00:00:00.000Z,64385,MAHAVIR TRADERS - PATHARDI,VALSAD,898,2956.20,33 {MH-46-AF-7025},TEST,2,2025-04-01T14:39:28.075Z,TEST,false
603,2025-04-02T00:00:00.000Z,64357,SATISH ENTERPRISES - GANGAPUR,VALSAD,676,2175.40,51 {MH-46-BB-9825},TEST,2,2025-04-01T14:39:22.308Z,TEST,false
647,2025-04-02T00:00:00.000Z,64401,MADHAVI AGENCY - BHOKAR,INDORE,875,2717.40,,,2,2025-04-01T14:39:31.577Z,,false
640,2025-04-02T00:00:00.000Z,64396,RADHEY ENTERPRISES - HARDA,INDORE,997,2825.40,,,2,2025-04-01T14:39:30.108Z,,false
646,2025-04-02T00:00:00.000Z,64390,SHREE ENTERPRISES - KHIRKIYA,INDORE,289,764.00,,,2,2025-04-01T14:39:31.340Z,,false
642,2025-04-02T00:00:00.000Z,64394,SHREENATH SALES - KHARGONE,INDORE,932,2802.10,,,2,2025-04-01T14:39:30.481Z,,false
615,2025-04-02T00:00:00.000Z,64369,PRABHU SALES AGENCY - PANVEL,VALSAD,847,2825.90,69 {GJ-15-AV-2785},TEST,2,2025-04-01T14:39:24.827Z,TEST,false
607,2025-04-02T00:00:00.000Z,64361,RAJLAXMI ENTERPRISES - SATARA,VALSAD,894,2961.50,36 {MH-46-AF-7825},TEST,2,2025-04-01T14:39:23.117Z,TEST,false
617,2025-04-02T00:00:00.000Z,64371,HASMUKH TEA DEPOT - DAPOLI,VALSAD,763,2446.70,99 {GJ-15-AV-7125},TEST,2,2025-04-01T14:39:25.256Z,TEST,false
610,2025-04-02T00:00:00.000Z,64364,VIGHNESH ENTERPRISES - ULWE,VALSAD,401,1385.90,94 {GJ-15-AV-6425},TEST,2,2025-04-01T14:39:23.737Z,TEST,false
644,2025-04-02T00:00:00.000Z,64392,SHRI AMAR AGENCIES - BETUL,INDORE,998,2807.60,,,2,2025-04-01T14:39:30.911Z,,false
616,2025-04-02T00:00:00.000Z,64370,VAHANVATI AGENCY - KHED,VALSAD,812,2820.40,168{GJ-15-AX-4025},TEST,2,2025-04-01T14:39:25.066Z,TEST,false
1263,2025-04-08T00:00:00.000Z,64755,K.K. ASSOCIATES - JALNA,INDORE,881,2851.20,,,2,2025-04-07T12:49:02.976Z,,false
619,2025-04-02T00:00:00.000Z,64373,CHHAYA ENTERPRISES - AMBERNATH,VALSAD,890,2820.40,179{GJ-15-AX-5125},TEST,2,2025-04-01T14:39:25.626Z,TEST,false
833,2025-04-03T00:00:00.000Z,64441,CHHAYA ENTERPRISES - AMBERNATH,VALSAD,995,2851.20,133 ,,2,2025-04-02T13:57:04.840Z,,false
623,2025-04-02T00:00:00.000Z,64377,EKDANT ENTERPRISES - TITWALA,VALSAD,899,2814.70,15{MH-46-F-2225},TEST,2,2025-04-01T14:39:26.430Z,TEST,false
637,2025-04-02T00:00:00.000Z,64399,GANESH TRADING CO - BASMAT,INDORE,988,2834.50,,,2,2025-04-01T14:39:29.490Z,,false
566,2025-04-01T00:00:00.000Z,64320,CHHAYA ENTERPRISES - AMBERNATH,VALSAD,889,2805.10,164{GJ-15-AX-3625},TEST,2,2025-04-01T14:34:20.481Z,TEST,false
608,2025-04-02T00:00:00.000Z,64362,SATPUTE & SONS - SATARA,VALSAD,864,2777.00,164{GJ-15-AX-3625},TEST,2,2025-04-01T14:39:23.356Z,TEST,false
598,2025-04-01T00:00:00.000Z,64352,SHREE GAJANAN AGENCIES - JALNA,INDORE,733,1930.30,56{MH-46-BF-3825},TEST,2,2025-04-01T14:34:27.439Z,TEST,false
546,2025-04-01T00:00:00.000Z,64300,AMARNATH AGENCY - LATUR,VALSAD,974,3013.40,120{GJ-15-AV-9625},TEST,2,2025-04-01T14:34:16.170Z,TEST,false
618,2025-04-02T00:00:00.000Z,64372,PRAMUKH AGENCY - ROHA,VALSAD,738,2416.80,96 {GJ-15-AV-6625},TEST,2,2025-04-01T14:39:25.440Z,TEST,false
620,2025-04-02T00:00:00.000Z,64374,CHHAYA ENTERPRISES - AMBERNATH,VALSAD,732,2506.50,166{GJ-15-AX-3825},TEST,2,2025-04-01T14:39:25.868Z,TEST,false
599,2025-04-02T00:00:00.000Z,64353,RUDRA ENTERPRISES - C S NAGAR,VALSAD,902,2967.30,128 {GJ-15-AV-6907},TEST,2,2025-04-01T14:39:21.401Z,TEST,false
800,2025-04-03T00:00:00.000Z,64408,SHREYAS AGENCY - MAJALGAON,VALSAD,917,2816.80,156,,2,2025-04-02T13:56:57.789Z,,false
803,2025-04-03T00:00:00.000Z,64411,AMARNATH AGENCY - LATUR,VALSAD,897,2996.30,113,,2,2025-04-02T13:56:58.415Z,,false
641,2025-04-02T00:00:00.000Z,64395,SHREENATH SALES - KHARGONE,INDORE,904,2832.00,,,2,2025-04-01T14:39:30.295Z,,false
544,2025-04-01T00:00:00.000Z,64298,PUJA BHAKTI DISTRIBUTORS - C S NAGAR,VALSAD,1311,4021.90,127{GJ-15-AV-6680},TEST,2,2025-04-01T14:34:15.744Z,TEST,false
638,2025-04-02T00:00:00.000Z,64398,M/S.JAIN AGENCIES - AUNDHA,INDORE,773,2551.00,,,2,2025-04-01T14:39:29.675Z,,false
614,2025-04-02T00:00:00.000Z,64368,PRAGATI SALES AGENCY - VASHI,VALSAD,728,2360.90,64 {GJ-15-AV-2530 },TEST,2,2025-04-01T14:39:24.642Z,TEST,false
612,2025-04-02T00:00:00.000Z,64366,NAVYA ENTERPRISES - GHANSOLI,VALSAD,1106,2975.90,115 {GJ-15-AV-8625},TEST,2,2025-04-01T14:39:24.175Z,TEST,false
1264,2025-04-08T00:00:00.000Z,64756,K.K. ASSOCIATES - JALNA,INDORE,418,1429.30,,,2,2025-04-07T12:49:03.171Z,,false
1261,2025-04-08T00:00:00.000Z,64753,RADHIKA AGENCIES - PARBHANI,INDORE,852,2809.10,,,2,2025-04-07T12:49:02.550Z,,false
835,2025-04-03T00:00:00.000Z,64443,SHRI SWAMI SAMARTH AGENCY - NARSI,VALSAD,798,2433.90,81,,2,2025-04-02T13:57:05.290Z,,false
892,2025-04-04T00:00:00.000Z,64500,CHHAYA ENTERPRISES - AMBERNATH,VALSAD,887,2815.00,148,,2,2025-04-03T13:22:47.435Z,,false
830,2025-04-03T00:00:00.000Z,64438,PARAB TRADERS - MALVAN,VALSAD,268,821.90,158,,2,2025-04-02T13:57:04.200Z,,false
839,2025-04-03T00:00:00.000Z,64447,NAVKAR TRADERS - SHIRUR KASAR,VALSAD,348,973.40,96,,2,2025-04-02T13:57:06.098Z,,false
895,2025-04-04T00:00:00.000Z,64503,MAHEK AGENCY - MUMBRA,VALSAD,925,2979.80,126,,2,2025-04-03T13:22:48.059Z,,false
867,2025-04-04T00:00:00.000Z,64475,GAJANAN ENTERPRISES - INDAPUR,VALSAD,878,2844.60,181,,2,2025-04-03T13:22:41.947Z,,false
844,2025-04-03T00:00:00.000Z,64452,SATYA TRADERS - REHLA,INDORE,307,793.30,,,2,2025-04-02T13:57:07.100Z,,false
816,2025-04-03T00:00:00.000Z,64424,RAJASHREE SALES - RASTA PETH,VALSAD,748,2617.60,62,,2,2025-04-02T13:57:01.208Z,,false
828,2025-04-03T00:00:00.000Z,64436,SHOURYA ENTERPRISES - RAJAPUR,VALSAD,541,1755.70,78,,2,2025-04-02T13:57:03.757Z,,false
795,2025-04-03T00:00:00.000Z,64403,OM GURUDATTA AGENCY - KANNAD,VALSAD,766,2394.00,64,,2,2025-04-02T13:56:56.686Z,,false
852,2025-04-03T00:00:00.000Z,64460,ADITYA TRADERS - HAZARIBAG,INDORE,135,410.50,,,2,2025-04-02T13:57:08.745Z,,false
893,2025-04-04T00:00:00.000Z,64501,CHHAYA ENTERPRISES - AMBERNATH,VALSAD,794,2853.20,175,,2,2025-04-03T13:22:47.673Z,,false
812,2025-04-03T00:00:00.000Z,64420,DAMKONDWAR AGENCY - MUKRAMABAD,VALSAD,861,2853.90,166,,2,2025-04-02T13:57:00.316Z,,false
826,2025-04-03T00:00:00.000Z,64434,OM ENTERPRISES - MURBAD,VALSAD,905,2871.70,147,,2,2025-04-02T13:57:03.323Z,,false
850,2025-04-03T00:00:00.000Z,64458,GOEL AGENCY - CHAIBASA,INDORE,244,837.90,,,2,2025-04-02T13:57:08.367Z,,false
847,2025-04-03T00:00:00.000Z,64455,SHOURYA SALES - PANDRA,INDORE,260,770.80,,,2,2025-04-02T13:57:07.720Z,,false
798,2025-04-03T00:00:00.000Z,64406,RAMLING AGENCY - WADWANI,VALSAD,165,513.00,53,,2,2025-04-02T13:56:57.357Z,,false
797,2025-04-03T00:00:00.000Z,64405,BALAJI AGENCIES - ASTHI,VALSAD,940,2957.90,112,,2,2025-04-02T13:56:57.171Z,,false
832,2025-04-03T00:00:00.000Z,64440,VEDANT ENTERPRISES - SAWANTWADI,VALSAD,856,2844.30,146,,2,2025-04-02T13:57:04.644Z,,false
889,2025-04-04T00:00:00.000Z,64497,RUDRA ENTERPRISES - C S NAGAR,VALSAD,936,2973.80,118,,2,2025-04-03T13:22:46.818Z,,false
890,2025-04-04T00:00:00.000Z,64498,JAIN DISTRIBUTORS - C S NAGAR,VALSAD,909,2956.00,163,,2,2025-04-03T13:22:47.003Z,,false
860,2025-04-03T00:00:00.000Z,64468,ANAYA TRADER - KATRAS,INDORE,353,1336.30,,,2,2025-04-02T13:57:10.406Z,,false
821,2025-04-03T00:00:00.000Z,64429,JAISWAL ENTERPRISES - PEN,VALSAD,913,3029.60,165,,2,2025-04-02T13:57:02.321Z,,false
806,2025-04-03T00:00:00.000Z,64414,F K DISTRIBUTORS - DHARASHIV,VALSAD,868,2843.50,169,,2,2025-04-02T13:56:59.060Z,,false
811,2025-04-03T00:00:00.000Z,64419,SIDDHESHWAR AGENCIES - NILANGA,VALSAD,863,2856.60,179,,2,2025-04-02T13:57:00.127Z,,false
838,2025-04-03T00:00:00.000Z,64446,JAIN AGENCY - BEED,VALSAD,433,1425.70,96,,2,2025-04-02T13:57:05.910Z,,false
831,2025-04-03T00:00:00.000Z,64439,SANDEEP AGENCY - KANKAVALI,VALSAD,684,2031.70,158,,2,2025-04-02T13:57:04.390Z,,false
888,2025-04-04T00:00:00.000Z,64496,SHREYA AGENCIES - AKLUJ,VALSAD,938,2858.20,168,,2,2025-04-03T13:22:46.570Z,,false
848,2025-04-03T00:00:00.000Z,64456,M/S GURUJEE ENTERPRISES - MANGO,INDORE,680,2502.40,,,2,2025-04-02T13:57:07.939Z,,false
849,2025-04-03T00:00:00.000Z,64457,GANGA ENTERPRISES - KADMA,INDORE,402,1345.60,,,2,2025-04-02T13:57:08.123Z,,false
863,2025-04-03T00:00:00.000Z,64471,SHRI SHIVA SALES - GIRIDIH,INDORE,843,2793.30,,,2,2025-04-02T13:57:11.023Z,,false
823,2025-04-03T00:00:00.000Z,64431,PRABHU SALES AGENCY - PANVEL,VALSAD,921,2869.30,180,,2,2025-04-02T13:57:02.696Z,,false
870,2025-04-04T00:00:00.000Z,64478,MORYA SALES - MORGAON,VALSAD,317,952.50,12,,2,2025-04-03T13:22:42.698Z,,false
836,2025-04-03T00:00:00.000Z,64444,CHINMAY TRADERS - SINHAGADH,VALSAD,868,2952.20,117,,2,2025-04-02T13:57:05.475Z,,false
853,2025-04-03T00:00:00.000Z,64461,RAJ SALES - JHUMRI TELAIYA,INDORE,763,2005.30,,,2,2025-04-02T13:57:09.001Z,,false
814,2025-04-03T00:00:00.000Z,64422,KESHARIYA AGENCIES - MANJARI,VALSAD,892,2857.10,172,,2,2025-04-02T13:57:00.761Z,,false
854,2025-04-03T00:00:00.000Z,64462,SIDHI VINAYAK TRADERS - DOMCHANCH,INDORE,277,837.40,,,2,2025-04-02T13:57:09.208Z,,false
834,2025-04-03T00:00:00.000Z,64442,UMANG AGENCY - SHELAR,VALSAD,876,2897.20,181,,2,2025-04-02T13:57:05.042Z,,false
1254,2025-04-08T00:00:00.000Z,64746,GURU KRIPA TRADERS - MANDLA,INDORE,222,668.70,,,2,2025-04-07T12:49:01.121Z,,false
805,2025-04-03T00:00:00.000Z,64413,VISHNUPANT TRADERS - KALAMB,VALSAD,436,1226.00,160,,2,2025-04-02T13:56:58.799Z,,false
818,2025-04-03T00:00:00.000Z,64426,SANGAM ENTERPRISES - BANER,VALSAD,866,2803.80,54,,2,2025-04-02T13:57:01.638Z,,false
869,2025-04-04T00:00:00.000Z,64477,GANESH AGENCY - DAUND,VALSAD,624,1885.10,12,,2,2025-04-03T13:22:42.398Z,,false
862,2025-04-03T00:00:00.000Z,64470,JAIDEO ENTERPRISES - SURIYA,INDORE,898,2834.60,,,2,2025-04-02T13:57:10.837Z,,false
808,2025-04-03T00:00:00.000Z,64416,KAMLABHAVANI AGENCY - KARMALA,VALSAD,327,870.40,69,,2,2025-04-02T13:56:59.490Z,,false
804,2025-04-03T00:00:00.000Z,64412,AMARNATH AGENCY - LATUR,VALSAD,496,1599.80,160,,2,2025-04-02T13:56:58.607Z,,false
845,2025-04-03T00:00:00.000Z,64453,RUDRA AGENCY - UPPER BAZAAR,INDORE,186,670.20,,,2,2025-04-02T13:57:07.289Z,,false
886,2025-04-04T00:00:00.000Z,64494,TULJA ENTERPRISES - KHATAV,VALSAD,322,1103.50,99,,2,2025-04-03T13:22:46.140Z,,false
799,2025-04-03T00:00:00.000Z,64407,TANMAY MARKETING - AMBEJOGAI,VALSAD,749,2330.80,53,,2,2025-04-02T13:56:57.542Z,,false
815,2025-04-03T00:00:00.000Z,64423,MAHESH ENTERPRISES - HADAPSAR,VALSAD,694,2370.20,100,,2,2025-04-02T13:57:01.011Z,,false
829,2025-04-03T00:00:00.000Z,64437,SUVARNA ENTERPRISES - LANJA,VALSAD,250,649.80,78,,2,2025-04-02T13:57:04.011Z,,false
824,2025-04-03T00:00:00.000Z,64432,K K MARKETING - KADAV,VALSAD,845,2827.50,16,,2,2025-04-02T13:57:02.938Z,,false
820,2025-04-03T00:00:00.000Z,64428,MAULI AGENCIES - PCMC,VALSAD,863,3013.70,122,,2,2025-04-02T13:57:02.072Z,,false
807,2025-04-03T00:00:00.000Z,64415,BHAGWAN MAHAVIR ENTERPRISES - BARSHI,VALSAD,627,1968.90,69,,2,2025-04-02T13:56:59.244Z,,false
1112,2025-04-06T00:00:00.000Z,64604,SAHAJANAND AGENCY - SOLAPUR,VALSAD,915,2987.90,117,,2,2025-04-05T11:05:56.222Z,,false
801,2025-04-03T00:00:00.000Z,64409,ISHWARKRUPA MARKETING - PARLI VAIJNATH,VALSAD,947,3032.10,05,,2,2025-04-02T13:56:57.978Z,,false
846,2025-04-03T00:00:00.000Z,64454,VAIBHAV ENTERPRISES - RANCHI,INDORE,281,931.90,,,2,2025-04-02T13:57:07.529Z,,false
1105,2025-04-06T00:00:00.000Z,64597,KESHARIYA AGENCIES - MANJARI,VALSAD,916,3016.30,127,,2,2025-04-05T11:05:36.876Z,,false
859,2025-04-03T00:00:00.000Z,64467,M/S HRITHIK TRADERS - MOHANPUR,INDORE,427,1505.10,,,2,2025-04-02T13:57:10.220Z,,false
794,2025-04-03T00:00:00.000Z,64402,RANA AGENCY - PAITHAN,VALSAD,924,2846.57,177,,2,2025-04-02T13:56:56.498Z,,false
901,2025-04-04T00:00:00.000Z,64509,JAY AMBE TRADERS - JAWAHAR,VALSAD,882,2816.00,59,,2,2025-04-03T13:22:49.391Z,,false
817,2025-04-03T00:00:00.000Z,64425,VAHANVATI AGENCY - LONAVALA,VALSAD,973,2866.50,157,,2,2025-04-02T13:57:01.450Z,,false
856,2025-04-03T00:00:00.000Z,64464,SRI KRISHNA ENTERPRISES - RAJDANWAR,INDORE,768,2855.00,,,2,2025-04-02T13:57:09.640Z,,false
809,2025-04-03T00:00:00.000Z,64417,JAGDMBA AGENCIES - OMERGA,VALSAD,950,2978.80,121,,2,2025-04-02T13:56:59.677Z,,false
885,2025-04-04T00:00:00.000Z,64493,MEGHA ENTERPRISES - DEHU ROAD,VALSAD,830,2794.40,185,,2,2025-04-03T13:22:45.895Z,,false
871,2025-04-04T00:00:00.000Z,64479,MAULI ENTERPRISES - BHOR,VALSAD,335,1149.80,87,,2,2025-04-03T13:22:42.884Z,,false
913,2025-04-04T00:00:00.000Z,64521,RITESH TRADERS - CHHINDWARA,INDORE,333,848.40,,,2,2025-04-03T13:22:51.913Z,,false
894,2025-04-04T00:00:00.000Z,64502,LAXMI MARKETING - BADLAPUR,VALSAD,969,2830.20,152,,2,2025-04-03T13:22:47.863Z,,false
882,2025-04-04T00:00:00.000Z,64490,SHIV ENTERPRISES - KONDHWA,VALSAD,1069,3706.60,178,,2,2025-04-03T13:22:45.268Z,,false
1449,2025-04-10T00:00:00.000Z,64875,R.K TRADERS - GARHWA,INDORE,417,1280.70,86,,2,2025-04-09T11:49:25.776Z,,false
878,2025-04-04T00:00:00.000Z,64486,PADMAVATI AGENCY - KATRAJ BIBWEWADI,VALSAD,849,2944.60,124,,2,2025-04-03T13:22:44.393Z,,false
908,2025-04-04T00:00:00.000Z,64516,SHRI AMAR AGENCIES - BETUL,INDORE,740,2116.40,,,2,2025-04-03T13:22:50.856Z,,false
899,2025-04-04T00:00:00.000Z,64507,SHYAM AGENCY - BHIWANDI,VALSAD,874,3010.50,119,,2,2025-04-03T13:22:48.939Z,,false
861,2025-04-03T00:00:00.000Z,64469,JAIDEO ENTERPRISES - SURIYA,INDORE,867,2835.90,,,2,2025-04-02T13:57:10.650Z,,false
916,2025-04-04T00:00:00.000Z,64524,JAI AMBEY TRADERS - WARASEONI,INDORE,261,672.00,,,2,2025-04-03T13:22:52.541Z,,false
1239,2025-04-08T00:00:00.000Z,64731,PARSHURAM NARAYAN BHINGARDE - SANGMESHWAR,VALSAD,802,2630.60,62,,2,2025-04-07T12:48:57.902Z,,false
875,2025-04-04T00:00:00.000Z,64483,M S ENTERPRISES - KHADAKWASLA,VALSAD,654,2214.90,67,,2,2025-04-03T13:22:43.756Z,,false
813,2025-04-03T00:00:00.000Z,64421,MAHAVEER TRADERS - LOHA,VALSAD,871,2876.50,143,,2,2025-04-02T13:57:00.562Z,,false
866,2025-04-03T00:00:00.000Z,64474,SHRI SWAMI SAMARTH AGENCY - NARSI,INDORE,853,2811.10,,,2,2025-04-02T13:57:11.638Z,,false
865,2025-04-03T00:00:00.000Z,64473,M/S AMBEY TRADERS - CHAS,INDORE,168,616.70,,,2,2025-04-02T13:57:11.400Z,,false
1214,2025-04-08T00:00:00.000Z,64706,SHIV SALES - SOLAPUR,VALSAD,919,3057.40,127,,2,2025-04-07T12:48:52.714Z,,false
879,2025-04-04T00:00:00.000Z,64487,PUNYAI ENTERPRISES - DHANKAWADI,VALSAD,886,2975.90,55,,2,2025-04-03T13:22:44.645Z,,false
868,2025-04-04T00:00:00.000Z,64476,OMKAR AGENCIES - SHIRUR,VALSAD,883,2940.80,109,,2,2025-04-03T13:22:42.176Z,,false
900,2025-04-04T00:00:00.000Z,64508,SHREE SAI AGENCIES - NANDED,VALSAD,880,2860.80,162,,2,2025-04-03T13:22:49.199Z,,false
872,2025-04-04T00:00:00.000Z,64480,MAYURESHWAR AGENCIES - KHANDALA,VALSAD,402,1382.30,87,,2,2025-04-03T13:22:43.073Z,,false
980,2025-04-05T00:00:00.000Z,64533,BHAGYODYA AGENCIES - ISLAMPUR,VALSAD,585,1890.70,90,,2,2025-04-04T17:46:27.024Z,,false
898,2025-04-04T00:00:00.000Z,64506,OM ENTERPRISES - MURBAD,VALSAD,892,2830.10,98,,2,2025-04-03T13:22:48.744Z,,false
635,2025-04-02T00:00:00.000Z,64389,DNYANESHWAR MAULI ENTERPRISES - KEDGAON,VALSAD,870,2805.60,52{MH-46-BB-9925},TEST,2,2025-04-01T14:39:29.013Z,TEST,false
877,2025-04-04T00:00:00.000Z,64485,SHARAD AGENCY - KUTHRUD,VALSAD,769,2368.00,75,,2,2025-04-03T13:22:44.207Z,,false
911,2025-04-04T00:00:00.000Z,64519,DHUNI SALES - PANDHANA,INDORE,885,2840.20,,,2,2025-04-03T13:22:51.484Z,,false
874,2025-04-04T00:00:00.000Z,64482,YASH ENTERPRISES - VAI,VALSAD,489,1575.40,105,,2,2025-04-03T13:22:43.513Z,,false
880,2025-04-04T00:00:00.000Z,64488,AARYA ENTERPRISES - NIGDI,VALSAD,829,2857.90,167,,2,2025-04-03T13:22:44.897Z,,false
884,2025-04-04T00:00:00.000Z,64492,VEDANT ENTERPRISES - CHAKAN,VALSAD,875,3005.20,33,,2,2025-04-03T13:22:45.706Z,,false
887,2025-04-04T00:00:00.000Z,64495,YASH AGENCISES - FALTAN,VALSAD,378,1350.30,99,,2,2025-04-03T13:22:46.330Z,,false
917,2025-04-04T00:00:00.000Z,64525,SAI BABA AGENCY - BALAGHAT,INDORE,256,586.70,,,2,2025-04-03T13:22:52.780Z,,false
907,2025-04-04T00:00:00.000Z,64515,SHUBHANKAR AGENCY - PARNER,VALSAD,777,2416.20,94 ,,2,2025-04-03T13:22:50.614Z,,false
858,2025-04-03T00:00:00.000Z,64466,SANKAR TRADERS - CHATRO,INDORE,542,1648.40,,,2,2025-04-02T13:57:10.028Z,,false
922,2025-04-04T00:00:00.000Z,64530,PATEL AGENCIES - UMARKHED,INDORE,752,2492.60,,,2,2025-04-03T13:22:53.840Z,,false
921,2025-04-04T00:00:00.000Z,64529,KABRA SALES - KHANDWA,INDORE,918,2799.70,,,2,2025-04-03T13:22:53.593Z,,false
857,2025-04-03T00:00:00.000Z,64465,SRI KRISHNA ENTERPRISES - RAJDANWAR,INDORE,433,1185.30,,,2,2025-04-02T13:57:09.827Z,,false
873,2025-04-04T00:00:00.000Z,64481,DIVYANSHU ENTERPRISES - PANCHGANI,VALSAD,336,1127.50,105,,2,2025-04-03T13:22:43.320Z,,false
876,2025-04-04T00:00:00.000Z,64484,MAHI ENTERPRISES - WARJE,VALSAD,659,2334.80,77,,2,2025-04-03T13:22:43.951Z,,false
1437,2025-04-10T00:00:00.000Z,64863,CHHAYA ENTERPRISES - AMBERNATH,VALSAD,947,2673.20,70,,2,2025-04-09T11:49:23.211Z,,false
1233,2025-04-08T00:00:00.000Z,64725,RADHIKA AGENCIES - PARBHANI,VALSAD,373,1429.00,152,,2,2025-04-07T12:48:56.710Z,,false
1447,2025-04-10T00:00:00.000Z,64873,KIRANAKART - KOREGAON,VALSAD,1005,2349.90,67,,2,2025-04-09T11:49:25.391Z,,false
1433,2025-04-10T00:00:00.000Z,64859,SUVARNA ENTERPRISES - LANJA,VALSAD,515,1721.00,111,,2,2025-04-09T11:49:22.362Z,,false
1444,2025-04-10T00:00:00.000Z,64870,BALAJI AGENCIES - ASTHI,VALSAD,297,994.00,99,,2,2025-04-09T11:49:24.750Z,,false
1440,2025-04-10T00:00:00.000Z,64866,RANA AGENCY - PAITHAN,VALSAD,849,2724.60,107,,2,2025-04-09T11:49:23.838Z,,false
1446,2025-04-10T00:00:00.000Z,64872,KIRANAKART - KOREGAON,VALSAD,936,2305.10,100,,2,2025-04-09T11:49:25.199Z,,false
1439,2025-04-10T00:00:00.000Z,64865,JAY AMBE MARKETING - VADA,VALSAD,900,2750.90,133,,2,2025-04-09T11:49:23.646Z,,false
1173,2025-04-07T00:00:00.000Z,64665,SAI SAMARTH AGENCY - VAIJAPUR,VALSAD,962,3073.00,109,,2,2025-04-06T11:44:48.797Z,,false
1436,2025-04-10T00:00:00.000Z,64862,VEDANT ENTERPRISES - SAWANTWADI,VALSAD,862,2775.10,171,,2,2025-04-09T11:49:23.014Z,,false
1106,2025-04-06T00:00:00.000Z,64598,MAHESH ENTERPRISES - HADAPSAR,VALSAD,709,2377.80,21,,2,2025-04-05T11:05:43.037Z,,false
1441,2025-04-10T00:00:00.000Z,64867,MEGHA ENTERPRISES - DEHU ROAD,VALSAD,854,2980.90,124,,2,2025-04-09T11:49:24.089Z,,false
1443,2025-04-10T00:00:00.000Z,64869,BALAJI AGENCIES - ASTHI,VALSAD,932,2976.40,119,,2,2025-04-09T11:49:24.554Z,,false
1448,2025-04-10T00:00:00.000Z,64874,KRISHNA TRADERS - NAGAR UNTARI,INDORE,760,2382.50,78,,2,2025-04-09T11:49:25.586Z,,false
1114,2025-04-06T00:00:00.000Z,64606,MAHI ENTERPRISES - MAHAD,VALSAD,884,2806.40,167,,2,2025-04-05T11:05:57.076Z,,false
1432,2025-04-10T00:00:00.000Z,64858,SHOURYA ENTERPRISES - RAJAPUR,VALSAD,420,1256.80,111,,2,2025-04-09T11:49:22.170Z,,false
1232,2025-04-08T00:00:00.000Z,64724,NATHKRUPA AGENCY - KUMBHAR PIMPALGAON,VALSAD,429,1415.20,152,,2,2025-04-07T12:48:56.473Z,,false
1224,2025-04-08T00:00:00.000Z,64716,KIRAN SALES - BORLI,VALSAD,817,2691.90,108,,2,2025-04-07T12:48:54.808Z,,false
1445,2025-04-10T00:00:00.000Z,64871,SHRI GANESH AGENCY - KHARDA,VALSAD,446,1394.70,99,,2,2025-04-09T11:49:24.943Z,,false
1237,2025-04-08T00:00:00.000Z,64729,SHREE SAI AGENCIES - NANDED,VALSAD,859,2718.90,106,,2,2025-04-07T12:48:57.522Z,,false
1235,2025-04-08T00:00:00.000Z,64727,PAVAN AGENCY - PARTUR,VALSAD,749,2385.80,72,,2,2025-04-07T12:48:57.082Z,,false
909,2025-04-04T00:00:00.000Z,64517,RAM AGENCY - MULTAI,INDORE,181,336.00,,,2,2025-04-03T13:22:51.044Z,,false
1358,2025-04-09T00:00:00.000Z,64784,DHANLAXMI TRADERS - KHOPOLI,VALSAD,874,2817.20,02,,2,2025-04-08T11:34:31.197Z,,false
1347,2025-04-09T00:00:00.000Z,64773,YACHIKET ENTERPRISES - NAVI MUMBAI,VALSAD,306,998.40,64,,2,2025-04-08T11:34:28.919Z,,false
1344,2025-04-09T00:00:00.000Z,64770,SATPUTE & SONS - SATARA,VALSAD,709,2366.40,96,,2,2025-04-08T11:34:28.316Z,,false
1392,2025-04-09T00:00:00.000Z,64818,SHRI AMAR AGENCIES - BETUL,INDORE,1022,2855.10,17,,2,2025-04-08T11:34:38.144Z,,false
1398,2025-04-09T00:00:00.000Z,64824,SHREE SAI AGENCIES - NANDED,INDORE,788,2496.80,9,,2,2025-04-08T11:34:39.390Z,,false
1355,2025-04-09T00:00:00.000Z,64781,NAVNEET ENTERPRISES - KALYAN,VALSAD,761,2418.80,50,,2,2025-04-08T11:34:30.583Z,,false
1359,2025-04-09T00:00:00.000Z,64785,HASMUKH TEA DEPOT - DAPOLI,VALSAD,751,2393.30,75,,2,2025-04-08T11:34:31.432Z,,false
1390,2025-04-09T00:00:00.000Z,64816,RADHEY ENTERPRISES - HARDA,INDORE,963,2841.90,16,,2,2025-04-08T11:34:37.722Z,,false
1382,2025-04-09T00:00:00.000Z,64808,SHREE GAJANAN AGENCIES - SHRIRAMPUR,VALSAD,385,1145.70,43,,2,2025-04-08T11:34:36.076Z,,false
1335,2025-04-09T00:00:00.000Z,64761,RUDRA ENTERPRISES - C S NAGAR,VALSAD,899,2948.60,125,,2,2025-04-08T11:34:26.459Z,,false
1349,2025-04-09T00:00:00.000Z,64775,KIRTAN AGENCY - URAN,VALSAD,892,2798.60,16,,2,2025-04-08T11:34:29.287Z,,false
1384,2025-04-09T00:00:00.000Z,64810,SONA ENTERPRISES - SHEVGAON,VALSAD,908,2837.80,179,,2,2025-04-08T11:34:36.502Z,,false
1376,2025-04-09T00:00:00.000Z,64802,NAVKAR TRADERS - SHIRUR KASAR,VALSAD,306,952.60,105,,2,2025-04-08T11:34:34.862Z,,false
1383,2025-04-09T00:00:00.000Z,64809,SHRI GURUKRUPA AGENCIES - AGADGAON,VALSAD,939,2967.00,123,,2,2025-04-08T11:34:36.313Z,,false
1348,2025-04-09T00:00:00.000Z,64774,KIRTAN AGENCY - URAN,VALSAD,407,1411.10,64,,2,2025-04-08T11:34:29.104Z,,false
1366,2025-04-09T00:00:00.000Z,64792,S K SALES - DIVA,VALSAD,857,2809.50,143,,2,2025-04-08T11:34:32.860Z,,false
1388,2025-04-09T00:00:00.000Z,64814,SHREE ENTERPRISES - KHIRKIYA,INDORE,248,711.80,10,,2,2025-04-08T11:34:37.352Z,,false
1386,2025-04-09T00:00:00.000Z,64812,SAKSHAM ENTERPRISES - BICHOLIM,VALSAD,801,2513.60,90,,2,2025-04-08T11:34:36.927Z,,false
1381,2025-04-09T00:00:00.000Z,64807,MAHESH AGENCY - NEWASA,VALSAD,636,1868.50,43,,2,2025-04-08T11:34:35.891Z,,false
1338,2025-04-09T00:00:00.000Z,64764,JAIN DISTRIBUTORS - C S NAGAR,VALSAD,885,2765.40,186,,2,2025-04-08T11:34:27.011Z,,false
1379,2025-04-09T00:00:00.000Z,64805,AASWAD ENTERPRISES - SANGAMNER,VALSAD,866,2770.80,166,,2,2025-04-08T11:34:35.468Z,,false
1396,2025-04-09T00:00:00.000Z,64822,GANESH TRADING CO - BASMAT,INDORE,831,2820.30,13,,2,2025-04-08T11:34:38.992Z,,false
1399,2025-04-09T00:00:00.000Z,64825,SHREE SAI AGENCIES - NANDED,INDORE,841,2870.80,13,,2,2025-04-08T11:34:39.575Z,,false
1454,2025-04-10T00:00:00.000Z,64880,RUDRA AGENCY - UPPER BAZAAR,INDORE,196,721.80,97,,2,2025-04-09T11:49:26.840Z,,false
1341,2025-04-09T00:00:00.000Z,64767,OMKAR DISTRIBUTORS - NARAYANGAON,VALSAD,942,3061.20,05,,2,2025-04-08T11:34:27.678Z,,false
1389,2025-04-09T00:00:00.000Z,64815,KABRA SALES - KHANDWA,INDORE,883,2837.00,17,,2,2025-04-08T11:34:37.538Z,,false
1455,2025-04-10T00:00:00.000Z,64881,S. S. ENTERPRISES - BARIDIH,INDORE,51,177.60,97,,2,2025-04-09T11:49:27.035Z,,false
1397,2025-04-09T00:00:00.000Z,64823,GANESH TRADING CO - BASMAT,INDORE,782,2499.40,4,,2,2025-04-08T11:34:39.177Z,,false
1391,2025-04-09T00:00:00.000Z,64817,SHREENATH SALES - KHARGONE,INDORE,953,2837.20,13,,2,2025-04-08T11:34:37.959Z,,false
1356,2025-04-09T00:00:00.000Z,64782,PRAGATI SALES AGENCY - VASHI,VALSAD,869,2348.60,74,,2,2025-04-08T11:34:30.773Z,,false
1380,2025-04-09T00:00:00.000Z,64806,DNYANESHWAR MAULI ENTERPRISES - KEDGAON,VALSAD,757,2463.60,94,,2,2025-04-08T11:34:35.706Z,,false
1340,2025-04-09T00:00:00.000Z,64766,SATISH ENTERPRISES - GANGAPUR,VALSAD,775,2379.80,35,,2,2025-04-08T11:34:27.483Z,,false
1363,2025-04-09T00:00:00.000Z,64789,CHHAYA ENTERPRISES - AMBERNATH,VALSAD,855,2850.50,09,,2,2025-04-08T11:34:32.247Z,,false
1400,2025-04-09T00:00:00.000Z,64826,SHREE SAI AGENCIES - NANDED,INDORE,871,2835.10,149,,2,2025-04-08T11:34:39.810Z,,false
1339,2025-04-09T00:00:00.000Z,64765,SHREE VYANKATESH TRADERS - WALUJ,VALSAD,915,2831.20,180,,2,2025-04-08T11:34:27.291Z,,false
1458,2025-04-10T00:00:00.000Z,64884,VAIBHAV ENTERPRISES - RANCHI,INDORE,422,1531.30,92,,2,2025-04-09T11:49:27.724Z,,false
1345,2025-04-09T00:00:00.000Z,64771,SHREE BALAJI SERVICES - JALKOT,VALSAD,829,2824.40,165,,2,2025-04-08T11:34:28.500Z,,false
1394,2025-04-09T00:00:00.000Z,64820,OM AGENCIES - HINGOLI,INDORE,899,2841.80,14,,2,2025-04-08T11:34:38.572Z,,false
1395,2025-04-09T00:00:00.000Z,64821,M/S.JAIN AGENCIES - AUNDHA,INDORE,870,2793.50,5,,2,2025-04-08T11:34:38.809Z,,false
1351,2025-04-09T00:00:00.000Z,64777,KARTHIK  ENTERPRISES - THANE,VALSAD,381,1295.30,160,,2,2025-04-08T11:34:29.710Z,,false
1374,2025-04-09T00:00:00.000Z,64800,SHYAM AGENCY - BHIWANDI,VALSAD,932,3007.80,113,,2,2025-04-08T11:34:34.435Z,,false
1342,2025-04-09T00:00:00.000Z,64768,OMKAR DISTRIBUTORS - NARAYANGAON,VALSAD,869,2882.90,46,,2,2025-04-08T11:34:27.867Z,,false
1373,2025-04-09T00:00:00.000Z,64799,KIRANAKART - PADGHA,VALSAD,728,1596.20,44,,2,2025-04-08T11:34:34.251Z,,false
1337,2025-04-09T00:00:00.000Z,64763,JAIN DISTRIBUTORS - C S NAGAR,VALSAD,833,2654.80,184,,2,2025-04-08T11:34:26.828Z,,false
1453,2025-04-10T00:00:00.000Z,64879,ASHIRWAD ENTERPRISES - LATEHAR,INDORE,223,763.40,103,,2,2025-04-09T11:49:26.651Z,,false
1357,2025-04-09T00:00:00.000Z,64783,PRABHU SALES AGENCY - PANVEL,VALSAD,894,3042.10,120,,2,2025-04-08T11:34:31.015Z,,false
1346,2025-04-09T00:00:00.000Z,64772,SHREE BALAJI SERVICES - JALKOT,VALSAD,813,2853.20,159,,2,2025-04-08T11:34:28.738Z,,false
1353,2025-04-09T00:00:00.000Z,64779,SAI KRUPA ENTERPRISE - KALYAN,VALSAD,996,2856.30,177,,2,2025-04-08T11:34:30.140Z,,false
1393,2025-04-09T00:00:00.000Z,64819,SIYA AGENCY - SANAWAD,INDORE,778,2374.40,7,,2,2025-04-08T11:34:38.383Z,,false
1371,2025-04-09T00:00:00.000Z,64797,OM ENTERPRISES - TATHAWADI,VALSAD,380,1320.90,15,,2,2025-04-08T11:34:33.883Z,,false
1378,2025-04-09T00:00:00.000Z,64804,MAHAVIR TRADERS - PATHARDI,VALSAD,995,3004.20,117,,2,2025-04-08T11:34:35.282Z,,false
1350,2025-04-09T00:00:00.000Z,64776,NAVYA ENTERPRISES - GHANSOLI,VALSAD,865,3014.00,121,,2,2025-04-08T11:34:29.525Z,,false
1336,2025-04-09T00:00:00.000Z,64762,BAJRANG TRADERS - C S NAGAR,VALSAD,812,2501.60,89,,2,2025-04-08T11:34:26.644Z,,false
1375,2025-04-09T00:00:00.000Z,64801,JAY AMBE TRADERS - JAWAHAR,VALSAD,891,2837.30,150,,2,2025-04-08T11:34:34.673Z,,false
1368,2025-04-09T00:00:00.000Z,64794,VIJAY LAXMI ENTERPRISES - BHIWANDI,VALSAD,358,1119.60,146,,2,2025-04-08T11:34:33.281Z,,false
1385,2025-04-09T00:00:00.000Z,64811,VAIBHAV AGENCY - AHMEDNAGAR,VALSAD,883,2822.80,69,,2,2025-04-08T11:34:36.742Z,,false
1377,2025-04-09T00:00:00.000Z,64803,MAHAVIR TRADERS - PATHARDI,VALSAD,505,1751.50,105,,2,2025-04-08T11:34:35.102Z,,false
1387,2025-04-09T00:00:00.000Z,64813,BALAJI SALES - ITARSI,INDORE,610,1661.60,10,,2,2025-04-08T11:34:37.166Z,,false
1372,2025-04-09T00:00:00.000Z,64798,SHREE GOVIND ENTERPRISES - KONGAON,VALSAD,365,1289.80,44,,2,2025-04-08T11:34:34.070Z,,false
1452,2025-04-10T00:00:00.000Z,64878,SHREE SHYAM SALES - LOHARDAGA,INDORE,538,1614.60,103,,2,2025-04-09T11:49:26.406Z,,false
1369,2025-04-09T00:00:00.000Z,64795,AMRITKAR ENTERPRISES - DOMBIVLI,VALSAD,559,1716.90,146,,2,2025-04-08T11:34:33.464Z,,false
1457,2025-04-10T00:00:00.000Z,64883,GOEL AGENCY - CHAIBASA,INDORE,294,1018.10,97,,2,2025-04-09T11:49:27.478Z,,false
1424,2025-04-10T00:00:00.000Z,64850,MAHESH ENTERPRISES - HADAPSAR,VALSAD,902,2991.30,112,,2,2025-04-09T11:49:20.309Z,,false
1479,2025-04-11T00:00:00.000Z,64905,DIVYANSHU ENTERPRISES - PANCHGANI,VALSAD,389,1248.00,75,,2,2025-04-10T11:35:36.765Z,,false
1426,2025-04-10T00:00:00.000Z,64852,MAULI AGENCIES - PCMC,VALSAD,966,2990.70,110,,2,2025-04-09T11:49:20.833Z,,false
1211,2025-04-08T00:00:00.000Z,64703,HIREN RETAILING ENTERPRISES - SOLAPUR,VALSAD,692,2425.80,21,,2,2025-04-07T12:48:52.097Z,,false
1469,2025-04-10T00:00:00.000Z,64895,JAIDEO ENTERPRISES - SURIYA,INDORE,787,2836.40,162,,2,2025-04-09T11:49:29.938Z,,false
1460,2025-04-10T00:00:00.000Z,64886,M/S GURUJEE ENTERPRISES - MANGO,INDORE,734,2698.80,185,,2,2025-04-09T11:49:28.114Z,,false
1016,2025-04-05T00:00:00.000Z,64569,GURUPRASAD ENTERPRISES - THANE,VALSAD,920,2968.70,128,,2,2025-04-04T17:46:39.679Z,,false
1407,2025-04-10T00:00:00.000Z,64833,ISHWARKRUPA MARKETING - PARLI VAIJNATH,VALSAD,258,923.10,50,,2,2025-04-09T11:49:16.679Z,,false
1431,2025-04-10T00:00:00.000Z,64857,OM ENTERPRISES - MURBAD,VALSAD,905,2850.00,168,,2,2025-04-09T11:49:21.912Z,,false
1478,2025-04-11T00:00:00.000Z,64904,MAULI ENTERPRISES - BHOR,VALSAD,342,1165.60,75,,2,2025-04-10T11:35:36.498Z,,false
1450,2025-04-10T00:00:00.000Z,64876,MAHAKAL ENTERPRISES - HARIHARGANJ,INDORE,224,679.40,86,,2,2025-04-09T11:49:26.021Z,,false
1470,2025-04-10T00:00:00.000Z,64896,SRI KRISHNA ENTERPRISES - RAJDANWAR,INDORE,933,2843.90,141,,2,2025-04-09T11:49:30.129Z,,false
1475,2025-04-11T00:00:00.000Z,64901,KAMLABHAVANI AGENCY - KARMALA,VALSAD,321,900.30,2,,2,2025-04-10T11:35:35.777Z,,false
1410,2025-04-10T00:00:00.000Z,64836,AMARNATH AGENCY - LATUR,VALSAD,954,2825.90,177,,2,2025-04-09T11:49:17.319Z,,false
1462,2025-04-10T00:00:00.000Z,64888,RAJ SALES - JHUMRI TELAIYA,INDORE,1021,2792.60,63,,2,2025-04-09T11:49:28.549Z,,false
1240,2025-04-08T00:00:00.000Z,64732,CHINMAY TRADERS - SINHAGADH,VALSAD,887,2969.60,118,,2,2025-04-07T12:48:58.144Z,,false
1137,2025-04-06T00:00:00.000Z,64629,"OM SAI AGENCY - AKOLE, AHMEDNAGAR",VALSAD,300,1030.40,110,,2,2025-04-05T11:06:05.429Z,,false
1466,2025-04-10T00:00:00.000Z,64892,M/S AMBEY TRADERS - CHAS,INDORE,126,370.00,106,,2,2025-04-09T11:49:29.363Z,,false
1482,2025-04-11T00:00:00.000Z,64908,MAHI ENTERPRISES - WARJE,VALSAD,674,2341.10,95,,2,2025-04-10T11:35:37.476Z,,false
1463,2025-04-10T00:00:00.000Z,64889,SIDHI VINAYAK TRADERS - DOMCHANCH,INDORE,324,1063.60,144,,2,2025-04-09T11:49:28.738Z,,false
1434,2025-04-10T00:00:00.000Z,64860,PARAB TRADERS - MALVAN,VALSAD,253,790.90,65,,2,2025-04-09T11:49:22.569Z,,false
1465,2025-04-10T00:00:00.000Z,64891,ANAYA TRADER - KATRAS,INDORE,626,2326.70,106,,2,2025-04-09T11:49:29.119Z,,false
1430,2025-04-10T00:00:00.000Z,64856,K K MARKETING - KADAV,VALSAD,869,2861.30,174,,2,2025-04-09T11:49:21.719Z,,false
1429,2025-04-10T00:00:00.000Z,64855,PRABHU SALES AGENCY - PANVEL,VALSAD,862,2811.70,47,,2,2025-04-09T11:49:21.471Z,,false
1360,2025-04-09T00:00:00.000Z,64786,PRAMUKH AGENCY - ROHA,VALSAD,807,2402.60,66,,2,2025-04-08T11:34:31.615Z,,false
1404,2025-04-10T00:00:00.000Z,64830,JAIN AGENCY - BEED,VALSAD,934,2967.90,116,,2,2025-04-09T11:49:16.026Z,,false
1123,2025-04-06T00:00:00.000Z,64615,SARSWATI AGENCY - WRANGA PHATHA,VALSAD,196,741.60,78,,2,2025-04-05T11:06:00.055Z,,false
1402,2025-04-10T00:00:00.000Z,64828,OM GURUDATTA AGENCY - KANNAD,VALSAD,921,2849.60,150,,2,2025-04-09T11:49:15.516Z,,false
1472,2025-04-10T00:00:00.000Z,64898,SHRI SWAMI SAMARTH AGENCY - NARSI,INDORE,846,2708.00,183,,2,2025-04-09T11:49:30.516Z,,false
1425,2025-04-10T00:00:00.000Z,64851,VAHANVATI AGENCY - LONAVALA,VALSAD,1081,2969.10,109,,2,2025-04-09T11:49:20.584Z,,false
1451,2025-04-10T00:00:00.000Z,64877,SATYA TRADERS - REHLA,INDORE,181,538.60,86,,2,2025-04-09T11:49:26.214Z,,false
1485,2025-04-11T00:00:00.000Z,64911,PUNYAI ENTERPRISES - DHANKAWADI,VALSAD,871,2998.80,55,,2,2025-04-10T11:35:38.128Z,,false
1468,2025-04-10T00:00:00.000Z,64894,JAIDEO ENTERPRISES - SURIYA,INDORE,831,2842.00,154,,2,2025-04-09T11:49:29.744Z,,false
1421,2025-04-10T00:00:00.000Z,64847,MAHAVEER TRADERS - LOHA,VALSAD,877,2968.90,121,,2,2025-04-09T11:49:19.665Z,,false
1364,2025-04-09T00:00:00.000Z,64790,GURUPRASAD ENTERPRISES - THANE,VALSAD,1053,3002.90,119,,2,2025-04-08T11:34:32.431Z,,false
1253,2025-04-08T00:00:00.000Z,64745,SHRI VIDYA  SAGAR  ENTERPRISES - KARELI,INDORE,487,1306.70,,,2,2025-04-07T12:49:00.863Z,,false
1477,2025-04-11T00:00:00.000Z,64903,MORYA SALES - MORGAON,VALSAD,444,1389.70,12,,2,2025-04-10T11:35:36.296Z,,false
1416,2025-04-10T00:00:00.000Z,64842,BHAGWAN MAHAVIR ENTERPRISES - BARSHI,VALSAD,821,2644.80,108,,2,2025-04-09T11:49:18.627Z,,false
1117,2025-04-06T00:00:00.000Z,64609,VINAYAK ENTERPRISES - KAMOTHA,VALSAD,812,2804.00,151,,2,2025-04-05T11:05:58.285Z,,false
1352,2025-04-09T00:00:00.000Z,64778,AASHIRWAD ENTERPRISE - BHIWANDI,VALSAD,427,1536.40,160,,2,2025-04-08T11:34:29.901Z,,false
1467,2025-04-10T00:00:00.000Z,64893,SHIV SHAKTI ENTERPRISES - NIRSA,INDORE,774,2592.00,84,,2,2025-04-09T11:49:29.553Z,,false
1252,2025-04-08T00:00:00.000Z,64744,LAXMI SALES - JABALPUR,INDORE,114,363.30,,,2,2025-04-07T12:49:00.673Z,,false
1413,2025-04-10T00:00:00.000Z,64839,F K DISTRIBUTORS - DHARASHIV,VALSAD,1031,3217.00,169,,2,2025-04-09T11:49:17.969Z,,false
1423,2025-04-10T00:00:00.000Z,64849,KESHARIYA AGENCIES - MANJARI,VALSAD,951,3007.10,26,,2,2025-04-09T11:49:20.111Z,,false
1427,2025-04-10T00:00:00.000Z,64853,JAISWAL ENTERPRISES - PEN,VALSAD,886,2821.40,58,,2,2025-04-09T11:49:21.029Z,,false
1464,2025-04-10T00:00:00.000Z,64890,SANKAR TRADERS - CHATRO,INDORE,543,1770.00,144,,2,2025-04-09T11:49:28.929Z,,false
843,2025-04-03T00:00:00.000Z,64451,SHREE SHYAM SALES - LOHARDAGA,INDORE,303,859.40,,,2,2025-04-02T13:57:06.907Z,,false
1412,2025-04-10T00:00:00.000Z,64838,SHRI NARASHAM MAHARAJ AGENCIES - WALANDI,VALSAD,227,599.30,113,,2,2025-04-09T11:49:17.764Z,,false
645,2025-04-02T00:00:00.000Z,64391,KOUSHAL TRADERS - SEONI MALWA,INDORE,552,1594.00,,,2,2025-04-01T14:39:31.153Z,,false
1461,2025-04-10T00:00:00.000Z,64887,H K ENTERPRISES - RAMGADH,INDORE,841,2831.60,134,,2,2025-04-09T11:49:28.306Z,,false
1259,2025-04-08T00:00:00.000Z,64751,GAYATRI AGENCY - BORI,INDORE,908,2846.20,,,2,2025-04-07T12:49:02.173Z,,false
1422,2025-04-10T00:00:00.000Z,64848,MAHAVEER TRADERS - LOHA,VALSAD,875,2798.10,131,,2,2025-04-09T11:49:19.920Z,,false
1474,2025-04-11T00:00:00.000Z,64900,GAJANAN ENTERPRISES - INDAPUR,VALSAD,578,1973.80,2,,2,2025-04-10T11:35:35.580Z,,false
1471,2025-04-10T00:00:00.000Z,64897,SRI KRISHNA ENTERPRISES - RAJDANWAR,INDORE,768,2831.30,175,,2,2025-04-09T11:49:30.323Z,,false
1473,2025-04-11T00:00:00.000Z,64899,GAJANAN ENTERPRISES - INDAPUR,VALSAD,946,2966.50,43,,2,2025-04-10T11:35:35.316Z,,false
1438,2025-04-10T00:00:00.000Z,64864,UMANG AGENCY - SHELAR,VALSAD,963,2986.70,118,,2,2025-04-09T11:49:23.455Z,,false
1476,2025-04-11T00:00:00.000Z,64902,GANESH AGENCY - DAUND,VALSAD,475,1411.40,12,,2,2025-04-10T11:35:36.094Z,,false
1456,2025-04-10T00:00:00.000Z,64882,GANGA ENTERPRISES - KADMA,INDORE,182,555.80,97,,2,2025-04-09T11:49:27.229Z,,false
1442,2025-04-10T00:00:00.000Z,64868,LAXMI MARKETING - BADLAPUR,VALSAD,874,2847.10,53,,2,2025-04-09T11:49:24.308Z,,false
1459,2025-04-10T00:00:00.000Z,64885,SHOURYA SALES - PANDRA,INDORE,323,971.50,92,,2,2025-04-09T11:49:27.916Z,,false
1435,2025-04-10T00:00:00.000Z,64861,SANDEEP AGENCY - KANKAVALI,VALSAD,530,1606.20,65,,2,2025-04-09T11:49:22.812Z,,false
1523,2025-04-11T00:00:00.000Z,64949,SHRI AMAR AGENCIES - BETUL,INDORE,659,1916.70,163,,2,2025-04-10T11:35:46.840Z,,false
1533,2025-04-11T00:00:00.000Z,64959,RADHEY ENTERPRISES - HARDA,INDORE,878,2599.20,83,,2,2025-04-10T11:35:48.939Z,,false
1509,2025-04-11T00:00:00.000Z,64935,OM ENTERPRISES - MURBAD,VALSAD,907,2903.50,49,,2,2025-04-10T11:35:43.451Z,,false
1510,2025-04-11T00:00:00.000Z,64936,SHYAM AGENCY - BHIWANDI,VALSAD,940,3022.00,5,,2,2025-04-10T11:35:43.645Z,,false
1503,2025-04-11T00:00:00.000Z,64929,GURUKRUPA ENTERPRISES - KALAMBOLI,VALSAD,885,2880.70,136,,2,2025-04-10T11:35:42.156Z,,false
1529,2025-04-11T00:00:00.000Z,64955,JAY GANESH - SEONI,INDORE,202,639.20,93,,2,2025-04-10T11:35:48.099Z,,false
1511,2025-04-11T00:00:00.000Z,64937,RAJASHREE SALES - RASTA PETH,VALSAD,825,2871.40,69,,2,2025-04-10T11:35:43.896Z,,false
1495,2025-04-11T00:00:00.000Z,64921,YASH AGENCISES - FALTAN,VALSAD,898,2804.00,146,,2,2025-04-10T11:35:40.378Z,,false
1519,2025-04-11T00:00:00.000Z,64945,OMKARESHWAR AGENCY - SHRIGONDA,VALSAD,496,1633.70,180,,2,2025-04-10T11:35:46.004Z,,false
1498,2025-04-11T00:00:00.000Z,64924,SAHAJANAND AGENCY - SOLAPUR,VALSAD,845,2976.90,118,,2,2025-04-10T11:35:41.063Z,,false
1530,2025-04-11T00:00:00.000Z,64956,JAI AMBEY TRADERS - WARASEONI,INDORE,252,665.00,93,,2,2025-04-10T11:35:48.348Z,,false
1508,2025-04-11T00:00:00.000Z,64934,EKDANT ENTERPRISES - TITWALA,VALSAD,880,2876.90,152,,2,2025-04-10T11:35:43.202Z,,false
1516,2025-04-11T00:00:00.000Z,64942,VEDANT ENTERPRISES - CHAKAN,VALSAD,586,1997.50,166,,2,2025-04-10T11:35:44.997Z,,false
1531,2025-04-11T00:00:00.000Z,64957,SAI BABA AGENCY - BALAGHAT,INDORE,472,1216.60,81,,2,2025-04-10T11:35:48.547Z,,false
1491,2025-04-11T00:00:00.000Z,64917,RAJDEEP AGENCIES - MALHARPETH,VALSAD,843,2851.40,164,,2,2025-04-10T11:35:39.525Z,,false
1520,2025-04-11T00:00:00.000Z,64946,DHANSHREE AGENCIES - NAGAR KARJAT,VALSAD,796,2352.40,73,,2,2025-04-10T11:35:46.191Z,,false
1518,2025-04-11T00:00:00.000Z,64944,SHUBHANKAR AGENCY - PARNER,VALSAD,411,1231.60,180,,2,2025-04-10T11:35:45.722Z,,false
1521,2025-04-11T00:00:00.000Z,64947,RAJ AGENCIES - SHREEGONDA,VALSAD,706,2353.70,35,,2,2025-04-10T11:35:46.387Z,,false
1507,2025-04-11T00:00:00.000Z,64933,NAVNEET ENTERPRISES - KALYAN,VALSAD,712,2367.40,101,,2,2025-04-10T11:35:42.997Z,,false
1494,2025-04-11T00:00:00.000Z,64920,YASH AGENCISES - FALTAN,VALSAD,548,1857.50,168,,2,2025-04-10T11:35:40.180Z,,false
1534,2025-04-11T00:00:00.000Z,64960,KABRA SALES - KHANDWA,INDORE,914,2834.60,170,,2,2025-04-10T11:35:49.189Z,,false
1525,2025-04-11T00:00:00.000Z,64951,DIPAM TRADERS - PANDHURNA,INDORE,101,245.40,163,,2,2025-04-10T11:35:47.233Z,,false
1488,2025-04-11T00:00:00.000Z,64914,SHIV ENTERPRISES - KONDHWA,VALSAD,847,2806.40,15,,2,2025-04-10T11:35:38.877Z,,false
1528,2025-04-11T00:00:00.000Z,64954,LUMBIKA TRADERS - PARASIA,INDORE,273,639.70,93,,2,2025-04-10T11:35:47.910Z,,false
1499,2025-04-11T00:00:00.000Z,64925,RUDRA ENTERPRISES - C S NAGAR,VALSAD,998,2475.40,139,,2,2025-04-10T11:35:41.258Z,,false
1505,2025-04-11T00:00:00.000Z,64931,CHHAYA ENTERPRISES - AMBERNATH,VALSAD,810,2883.30,45,,2,2025-04-10T11:35:42.547Z,,false
1513,2025-04-11T00:00:00.000Z,64939,PRABHU SALES AGENCY - PANVEL,VALSAD,846,2878.40,178,,2,2025-04-10T11:35:44.346Z,,false
1539,2025-04-11T00:00:00.000Z,64965,SHREE SAI AGENCIES - NANDED,INDORE,881,2836.70,138,,2,2025-04-10T11:35:50.202Z,,false
1504,2025-04-11T00:00:00.000Z,64930,CHHAYA ENTERPRISES - AMBERNATH,VALSAD,776,2683.30,46,,2,2025-04-10T11:35:42.353Z,,false
1522,2025-04-11T00:00:00.000Z,64948,AVENUE SUPERMARTS LTD - NIMSHIRGAON,VALSAD,994,2659.90,105,,2,2025-04-10T11:35:46.645Z,,false
1497,2025-04-11T00:00:00.000Z,64923,SAHAJANAND AGENCY - SOLAPUR,VALSAD,803,2830.80,176,,2,2025-04-10T11:35:40.869Z,,false
1502,2025-04-11T00:00:00.000Z,64928,SHRI SWAMI SAMARTH AGENCIES - CHIPLUN,VALSAD,864,2806.00,54,,2,2025-04-10T11:35:41.908Z,,false
1484,2025-04-11T00:00:00.000Z,64910,PADMAVATI AGENCY - KATRAJ BIBWEWADI,VALSAD,963,2957.10,128,,2,2025-04-10T11:35:37.930Z,,false
1486,2025-04-11T00:00:00.000Z,64912,OM ENTERPRISES - TATHAWADI,VALSAD,848,2793.50,53,,2,2025-04-10T11:35:38.391Z,,false
1428,2025-04-10T00:00:00.000Z,64854,SHIVSAI AGENCY - ALIBAUG,VALSAD,875,2773.30,139,,2,2025-04-09T11:49:21.278Z,,false
1492,2025-04-11T00:00:00.000Z,64918,YASH ENTERPRISES - VAI,VALSAD,736,2584.20,62,,2,2025-04-10T11:35:39.728Z,,false
1487,2025-04-11T00:00:00.000Z,64913,OM ENTERPRISES - TATHAWADI,VALSAD,733,2695.00,87,,2,2025-04-10T11:35:38.643Z,,false
1535,2025-04-11T00:00:00.000Z,64961,SHREENATH SALES - KHARGONE,INDORE,940,2849.00,142,,2,2025-04-10T11:35:49.383Z,,false
1517,2025-04-11T00:00:00.000Z,64943,RELIANCE RETAILING LTD - CHAKAN,VALSAD,325,897.00,166,,2,2025-04-10T11:35:45.400Z,,false
1483,2025-04-11T00:00:00.000Z,64909,SHARAD AGENCY - KUTHRUD,VALSAD,697,2401.90,94,,2,2025-04-10T11:35:37.674Z,,false
1536,2025-04-11T00:00:00.000Z,64962,M/S R K AGENCIES - BHAINSDEHI,INDORE,909,2693.70,104,,2,2025-04-10T11:35:49.572Z,,false
1538,2025-04-11T00:00:00.000Z,64964,SHREE SAI AGENCIES - NANDED,INDORE,746,2382.00,80,,2,2025-04-10T11:35:50.011Z,,false
1490,2025-04-11T00:00:00.000Z,64916,OMKAR DISTRIBUTORS - NARAYANGAON,VALSAD,865,2819.10,47,,2,2025-04-10T11:35:39.328Z,,false
1489,2025-04-11T00:00:00.000Z,64915,SHIV ENTERPRISES - KONDHWA,VALSAD,801,2853.70,158,,2,2025-04-10T11:35:39.079Z,,false
1496,2025-04-11T00:00:00.000Z,64922,SHREYA AGENCIES - AKLUJ,VALSAD,885,2853.30,16,,2,2025-04-10T11:35:40.673Z,,false
1532,2025-04-11T00:00:00.000Z,64958,WAHEGURU AGENCY - LANJI ROAD,INDORE,401,1234.50,81,,2,2025-04-10T11:35:48.738Z,,false
1526,2025-04-11T00:00:00.000Z,64952,SHREE VALLABH MARKETING - SAUSAR,INDORE,198,491.00,163,,2,2025-04-10T11:35:47.475Z,,false
1527,2025-04-11T00:00:00.000Z,64953,RITESH TRADERS - CHHINDWARA,INDORE,265,600.90,93,,2,2025-04-10T11:35:47.666Z,,false
1500,2025-04-11T00:00:00.000Z,64926,RUDRA ENTERPRISES - C S NAGAR,VALSAD,685,2405.30,102,,2,2025-04-10T11:35:41.512Z,,false
1524,2025-04-11T00:00:00.000Z,64950,RAM AGENCY - MULTAI,INDORE,96,187.60,163,,2,2025-04-10T11:35:47.044Z,,false
1537,2025-04-11T00:00:00.000Z,64963,SHREE SAI AGENCIES - NANDED,INDORE,870,2841.30,161,,2,2025-04-10T11:35:49.824Z,,false
1512,2025-04-11T00:00:00.000Z,64938,ADITYA ENTERPRISES - VITA,VALSAD,843,2774.40,44,,2,2025-04-10T11:35:44.152Z,,false
1515,2025-04-11T00:00:00.000Z,64941,OMKAR AGENCIES - SHIRUR,VALSAD,901,2863.30,179,,2,2025-04-10T11:35:44.804Z,,false
1420,2025-04-10T00:00:00.000Z,64846,DAMKONDWAR AGENCY - MUKRAMABAD,VALSAD,937,2939.60,143,,2,2025-04-09T11:49:19.464Z,,false
1514,2025-04-11T00:00:00.000Z,64940,G M SALES - RAJGURUNAGAR,VALSAD,818,2800.70,58,,2,2025-04-10T11:35:44.552Z,,false
1403,2025-04-10T00:00:00.000Z,64829,SAI SAMARTH AGENCY - VAIJAPUR,VALSAD,972,3010.40,120,,2,2025-04-09T11:49:15.715Z,,false
1506,2025-04-11T00:00:00.000Z,64932,MAHEK AGENCY - MUMBRA,VALSAD,992,2973.20,127,,2,2025-04-10T11:35:42.745Z,,false
1547,2025-04-12T00:00:00.000Z,65016,SHREE SAI DATTA ENTERPRISES - KOLHAPUR,VALSAD,500,1613.30,45,,2,2025-04-11T12:00:59.361Z,,false
1481,2025-04-11T00:00:00.000Z,64907,M S ENTERPRISES - KHADAKWASLA,VALSAD,655,2210.50,51,,2,2025-04-10T11:35:37.215Z,,false
1480,2025-04-11T00:00:00.000Z,64906,MAYURESHWAR AGENCIES - KHANDALA,VALSAD,705,2373.30,21,,2,2025-04-10T11:35:36.960Z,,false
1561,2025-04-12T00:00:00.000Z,65030,HIREN RETAILING ENTERPRISES - SOLAPUR,VALSAD,554,1842.30,90,,2,2025-04-11T12:01:04.537Z,,false
1572,2025-04-12T00:00:00.000Z,65041,VIGHNESH ENTERPRISES - ULWE,VALSAD,572,1588.10,96,,2,2025-04-11T12:01:07.874Z,,false
1550,2025-04-12T00:00:00.000Z,65019,SACHIN AGENCIES - KOLHAPUR,VALSAD,931,3035.30,112,,2,2025-04-11T12:01:00.679Z,,false
1543,2025-04-12T00:00:00.000Z,65012,SUMAN TRADERS - PETH VADGAON,VALSAD,439,1394.90,120,,2,2025-04-11T12:00:58.059Z,,false
1565,2025-04-12T00:00:00.000Z,65034,RAGHAV ENTERPRISES - SOLAPUR,VALSAD,893,2975.50,5,,2,2025-04-11T12:01:05.801Z,,false
1542,2025-04-12T00:00:00.000Z,65011,BHAGYODYA AGENCIES - ISLAMPUR,VALSAD,511,1618.20,120,,2,2025-04-11T12:00:57.819Z,,false
1562,2025-04-12T00:00:00.000Z,65031,SHIV SALES - SOLAPUR,VALSAD,192,727.20,90,,2,2025-04-11T12:01:04.815Z,,false
1574,2025-04-12T00:00:00.000Z,65043,BHAIRAV ENTERPRISES - RABALE,VALSAD,829,2749.40,149,,2,2025-04-11T12:01:08.394Z,,false
1575,2025-04-12T00:00:00.000Z,65044,PRAGATI SALES AGENCY - VASHI,VALSAD,944,2950.40,110,,2,2025-04-11T12:01:08.702Z,,false
1552,2025-04-12T00:00:00.000Z,65021,SUBHASH AGENCY - BHUDARGAD,VALSAD,265,893.50,77,,2,2025-04-11T12:01:01.573Z,,false
1540,2025-04-12T00:00:00.000Z,65009,SARSWATI AGENCY - SHIRALA,VALSAD,243,708.10,64,,2,2025-04-11T12:00:57.216Z,,false
1544,2025-04-12T00:00:00.000Z,65013,SHREE BIRADEV MARKETING - ICHALKARANJI,VALSAD,886,3000.30,122,,2,2025-04-11T12:00:58.357Z,,false
1546,2025-04-12T00:00:00.000Z,65015,MAHALAXMI AGENCY - KOLHAPUR,VALSAD,349,1173.00,45,,2,2025-04-11T12:00:58.883Z,,false
1566,2025-04-12T00:00:00.000Z,65035,PARSHURAM NARAYAN BHINGARDE - SANGMESHWAR,VALSAD,856,2715.40,107,,2,2025-04-11T12:01:06.085Z,,false
1576,2025-04-12T00:00:00.000Z,65045,AASHIRWAD ENTERPRISE - BHIWANDI,VALSAD,525,1659.10,181,,2,2025-04-11T12:01:08.936Z,,false
1591,2025-04-12T00:00:00.000Z,65060,SANSKAR ENTERPRISES - BURHANPUR,INDORE,922,2838.00,153,,2,2025-04-11T12:01:13.266Z,,false
1564,2025-04-12T00:00:00.000Z,65033,SHIV SALES - SOLAPUR,VALSAD,822,2827.10,174,,2,2025-04-11T12:01:05.403Z,,false
1570,2025-04-12T00:00:00.000Z,65039,PRABHU SALES AGENCY - PANVEL,VALSAD,838,2801.60,182,,2,2025-04-11T12:01:07.346Z,,false
1592,2025-04-12T00:00:00.000Z,65061,SHREE ENTERPRISES - KHIRKIYA,INDORE,910,2490.20,85,,2,2025-04-11T12:01:13.489Z,,false
1571,2025-04-12T00:00:00.000Z,65040,PRABHU SALES AGENCY - PANVEL,VALSAD,234,812.70,96,,2,2025-04-11T12:01:07.635Z,,false
1573,2025-04-12T00:00:00.000Z,65042,KIRTAN AGENCY - URAN,VALSAD,954,2838.70,59,,2,2025-04-11T12:01:08.160Z,,false
1593,2025-04-12T00:00:00.000Z,65062,SHREENATH SALES - KHARGONE,INDORE,867,2665.00,186,,2,2025-04-11T12:01:13.771Z,,false
1577,2025-04-12T00:00:00.000Z,65046,GURUPRASAD ENTERPRISES - THANE,VALSAD,366,1184.80,181,,2,2025-04-11T12:01:09.171Z,,false
1541,2025-04-12T00:00:00.000Z,65010,JYOTIRLING TRADERS & SIDHAI AGENCY - MALKAPUR,VALSAD,542,1649.50,64,,2,2025-04-11T12:00:57.475Z,,false
1586,2025-04-12T00:00:00.000Z,65055,MEGHA ENTERPRISES - DEHU ROAD,VALSAD,60,229.80,159,,2,2025-04-11T12:01:12.093Z,,false
1595,2025-04-12T00:00:00.000Z,65064,SARSWATI AGENCY - WRANGA PHATHA,INDORE,720,2483.60,91,,2,2025-04-11T12:01:14.322Z,,false
1584,2025-04-12T00:00:00.000Z,65053,SHIVAM MARKETING - PATHARI,VALSAD,917,3006.20,125,,2,2025-04-11T12:01:11.340Z,,false
1594,2025-04-12T00:00:00.000Z,65063,OM AGENCIES - HINGOLI,INDORE,870,2844.90,135,,2,2025-04-11T12:01:14.136Z,,false
1588,2025-04-12T00:00:00.000Z,65057,KIRANAKART - PADGHA,VALSAD,1508,3072.90,119,,2,2025-04-11T12:01:12.544Z,,false
1581,2025-04-12T00:00:00.000Z,65050,OM ENTERPRISES - MURBAD,VALSAD,842,2830.00,157,,2,2025-04-11T12:01:10.236Z,,false
1583,2025-04-12T00:00:00.000Z,65052,JAY AMBE TRADERS - JAWAHAR,VALSAD,886,2837.60,136,,2,2025-04-11T12:01:10.766Z,,false
1548,2025-04-12T00:00:00.000Z,65017,RISHIRAJ AGENCY - CHINCHWAD,VALSAD,883,2798.70,178,,2,2025-04-11T12:00:59.759Z,,false
1551,2025-04-12T00:00:00.000Z,65020,SACHIN AGENCIES - KOLHAPUR,VALSAD,410,1433.70,77,,2,2025-04-11T12:01:01.257Z,,false
1596,2025-04-12T00:00:00.000Z,65065,SHRI SAI AGENCIES - MAHAGAON,INDORE,402,1279.20,155,,2,2025-04-11T12:01:14.558Z,,false
1597,2025-04-12T00:00:00.000Z,65066,PATEL AGENCIES - UMARKHED,INDORE,469,1568.30,155,,2,2025-04-11T12:01:14.742Z,,false
1554,2025-04-12T00:00:00.000Z,65023,GURUMAULI ENTERPRISES - TASGAON,VALSAD,308,1011.50,127,,2,2025-04-11T12:01:02.314Z,,false
1563,2025-04-12T00:00:00.000Z,65032,SHIV SALES - SOLAPUR,VALSAD,833,2820.50,49,,2,2025-04-11T12:01:05.128Z,,false
1549,2025-04-12T00:00:00.000Z,65018,HANUMANDAS KRUPA MARKETING - SHIROLI,VALSAD,759,2366.40,66,,2,2025-04-11T12:01:00.310Z,,false
1493,2025-04-11T00:00:00.000Z,64919,TULJA ENTERPRISES - KHATAV,VALSAD,315,1026.60,168,,2,2025-04-10T11:35:39.986Z,,false
1598,2025-04-12T00:00:00.000Z,65067,MADHAVI AGENCY - BHOKAR,INDORE,732,2495.60,48,,2,2025-04-11T12:01:14.930Z,,false
1582,2025-04-12T00:00:00.000Z,65051,S K SALES - DIVA,VALSAD,918,2989.10,36,,2,2025-04-11T12:01:10.479Z,,false
1558,2025-04-12T00:00:00.000Z,65027,LALA AGENCIES - MIRAJ,VALSAD,699,2411.70,100,,2,2025-04-11T12:01:03.642Z,,false
1599,2025-04-12T00:00:00.000Z,65068,RADHIKA AGENCIES - PARBHANI,INDORE,893,2850.50,129,,2,2025-04-11T12:01:15.171Z,,false
1556,2025-04-12T00:00:00.000Z,65025,NAMARATA AGENCY - MALGAON,VALSAD,475,1425.30,127,,2,2025-04-11T12:01:03.026Z,,false
1568,2025-04-12T00:00:00.000Z,65037,VAHANVATI AGENCY - KHED,VALSAD,835,2387.50,99,,2,2025-04-11T12:01:06.767Z,,false
1560,2025-04-12T00:00:00.000Z,65029,SHREENATH AGENCY - KARAD,VALSAD,634,2385.90,101,,2,2025-04-11T12:01:04.255Z,,false
1590,2025-04-12T00:00:00.000Z,65059,KABRA SALES - KHANDWA,INDORE,878,2794.80,56,,2,2025-04-11T12:01:12.989Z,,false
1589,2025-04-12T00:00:00.000Z,65058,BALAJI SALES - ITARSI,INDORE,914,2442.90,89,,2,2025-04-11T12:01:12.768Z,,false
1557,2025-04-12T00:00:00.000Z,65026,NEW BALLALESHWR AGENCY - SANGLI,VALSAD,821,2869.50,152,,2,2025-04-11T12:01:03.304Z,,false
1545,2025-04-12T00:00:00.000Z,65014,MAHALAXMI AGENCY - KOLHAPUR,VALSAD,845,2829.80,46,,2,2025-04-11T12:00:58.594Z,,false
1567,2025-04-12T00:00:00.000Z,65036,HASMUKH TEA DEPOT - DAPOLI,VALSAD,821,2695.50,108,,2,2025-04-11T12:01:06.490Z,,false
1553,2025-04-12T00:00:00.000Z,65022,SWARUP AGENCY - KOLHAPUR,VALSAD,937,3024.80,26,,2,2025-04-11T12:01:01.939Z,,false
1587,2025-04-12T00:00:00.000Z,65056,AVENUE SUPERMARTS LTD - CHANDKHED,VALSAD,1095,2582.90,159,,2,2025-04-11T12:01:12.315Z,,false
1585,2025-04-12T00:00:00.000Z,65054,MEGHA ENTERPRISES - DEHU ROAD,VALSAD,892,3041.10,55,,2,2025-04-11T12:01:11.713Z,,false
1559,2025-04-12T00:00:00.000Z,65028,SHREENATH AGENCY - KARAD,VALSAD,754,2381.90,67,,2,2025-04-11T12:01:03.921Z,,false
1555,2025-04-12T00:00:00.000Z,65024,SHRI RAM MARKETING - JAYSINGPUR,VALSAD,205,629.10,127,,2,2025-04-11T12:01:02.641Z,,false
1580,2025-04-12T00:00:00.000Z,65049,CHHAYA ENTERPRISES - AMBERNATH,VALSAD,903,2840.40,151,,2,2025-04-11T12:01:09.993Z,,false
1579,2025-04-12T00:00:00.000Z,65048,KARTHIK  ENTERPRISES - THANE,VALSAD,836,2850.30,150,,2,2025-04-11T12:01:09.706Z,,false
1569,2025-04-12T00:00:00.000Z,65038,VAHANVATI AGENCY - KHED,VALSAD,771,2830.60,167,,2,2025-04-11T12:01:07.053Z,,false
1501,2025-04-11T00:00:00.000Z,64927,JAIN DISTRIBUTORS - C S NAGAR,VALSAD,926,2838.80,184,,2,2025-04-10T11:35:41.709Z,,false
1578,2025-04-12T00:00:00.000Z,65047,GURUPRASAD ENTERPRISES - THANE,VALSAD,878,2819.40,147,,2,2025-04-11T12:01:09.462Z,,false