id,barcode,product_id,scanned_by_id,scanned_at,action,quantity,notes,product_sku,scanner_name,scanner_department,product_name,is_backed_up,order_number
1,8906010500627,499,3,2025-04-04T04:10:41.920Z,add,24,,8906010500627,Yash patel,IT,,false,
2,8906010502232,505,3,2025-04-04T04:12:13.292Z,add,32,,8906010502232,Yash patel,IT,,false,
3,8906010500900,495,3,2025-04-04T04:13:19.424Z,add,24,,8906010500900,Yash patel,IT,,false,
4,8906010502119,501,3,2025-04-04T04:14:59.139Z,add,24,,8906010502119,Yash patel,IT,,false,
5,8906010501228,490,3,2025-04-04T04:15:47.807Z,add,24,,8906010501228,Yash patel,IT,,false,
6,8906010501228,490,3,2025-04-04T04:17:08.201Z,add,24,,8906010501228,Yash patel,IT,,false,
7,8906010500900,495,3,2025-04-09T04:37:42.729Z,add,24,,8906010500900,Yash patel,IT,,false,
8,8906010504311,483,2,2025-04-10T08:00:41.653Z,add,30,,8906010504311,Vraj,MANAGEMENT,,false,
9,8906010504311,483,2,2025-04-10T08:10:09.705Z,add,30,,8906010504311,Vraj,MANAGEMENT,,false,
10,8906010504311,483,2,2025-04-10T08:10:37.659Z,add,30,,8906010504311,Vraj,MANAGEMENT,,false,
11,8906010504311,483,2,2025-04-10T08:29:25.703Z,add,30,,8906010504311,Vraj,MANAGEMENT,,false,
12,8906010504311,483,2,2025-04-10T08:34:03.356Z,add,30,,8906010504311,Vraj,MANAGEMENT,,false,
13,8906010504311,483,2,2025-04-10T08:47:56.657Z,add,30,,8906010504311,Vraj,MANAGEMENT,,false,
14,8906010504311,483,2,2025-04-10T08:48:48.650Z,add,32,,8906010504311,Vraj,MANAGEMENT,,false,
15,8906010504311,483,2,2025-04-10T08:49:09.585Z,add,30,,8906010504311,Vraj,MANAGEMENT,,false,
16,8906010504311,483,2,2025-04-10T08:51:08.774Z,add,30,,8906010504311,Vraj,MANAGEMENT,,false,
17,8906010504311,483,2,2025-04-10T08:51:17.506Z,add,1,,8906010504311,Vraj,MANAGEMENT,,false,
18,8906010504311,483,2,2025-04-10T08:54:00.931Z,add,30,,8906010504311,Vraj,MANAGEMENT,,false,
19,8906010504311,483,2,2025-04-10T08:56:07.672Z,add,30,,8906010504311,Vraj,MANAGEMENT,,false,
20,8906010504311,483,2,2025-04-10T08:56:27.891Z,add,30,,8906010504311,Vraj,MANAGEMENT,,false,
21,8906010504311,483,2,2025-04-10T08:58:45.575Z,add,30,,8906010504311,Vraj,MANAGEMENT,,false,
22,8906010504311,483,2,2025-04-10T09:00:43.353Z,add,30,,8906010504311,Vraj,MANAGEMENT,,false,
23,8906010504298,610,2,2025-04-11T09:18:36.980Z,add,40,,8906010504298,Vraj,MANAGEMENT,,false,