id,username,pin,first_name,last_name,name,designation,department,access_type,role,page_permissions
2,vraj@km-finny,9999,,,Vraj,DIRECTOR,MANAGEMENT,read,admin,
9,dharmesh@km-finny,9025,,,Dharmesh,MANAGER,MANAGEMENT,read,read/write,"{""home"":{""canAccess"":true,""canCreate"":false,""canUpdate"":false,""canDelete"":false},""messages"":{""canAccess"":true,""canCreate"":true,""canUpdate"":true,""canDelete"":false},""inout"":{""canAccess"":true,""canCreate"":true,""canUpdate"":true,""canDelete"":false},""load-slips-gj"":{""canAccess"":true,""canCreate"":true,""canUpdate"":true,""canDelete"":false},""load-slips-mp"":{""canAccess"":true,""canCreate"":true,""canUpdate"":true,""canDelete"":false},""scan"":{""canAccess"":true,""canCreate"":true,""canUpdate"":true,""canDelete"":false},""scan-history"":{""canAccess"":true,""canCreate"":false,""canUpdate"":true,""canDelete"":false},""reports"":{""canAccess"":false,""canCreate"":false,""canUpdate"":false,""canDelete"":false},""inventory"":{""canAccess"":true,""canCreate"":false,""canUpdate"":false,""canDelete"":false},""proforma-slips"":{""canAccess"":true,""canCreate"":true,""canUpdate"":true,""canDelete"":false},""sales"":{""canAccess"":true,""canCreate"":false,""canUpdate"":true,""canDelete"":false},""purchases"":{""canAccess"":false,""canCreate"":false,""canUpdate"":false,""canDelete"":false},""vehicle-info"":{""canAccess"":true,""canCreate"":true,""canUpdate"":true,""canDelete"":false},""users"":{""canAccess"":false,""canCreate"":false,""canUpdate"":false,""canDelete"":false},""activities"":{""canAccess"":false,""canCreate"":false,""canUpdate"":false,""canDelete"":false},""settings"":{""canAccess"":false,""canCreate"":false,""canUpdate"":false,""canDelete"":false}}"
4,yagnik@km-finny,1234,,,YAGNIK PATEL,ASSISTANT,BILLING,read,read/write,"{""home"":{""canAccess"":true,""canCreate"":false,""canUpdate"":false,""canDelete"":false},""messages"":{""canAccess"":true,""canCreate"":true,""canUpdate"":true,""canDelete"":false},""inout"":{""canAccess"":true,""canCreate"":true,""canUpdate"":true,""canDelete"":false},""load-slips-gj"":{""canAccess"":true,""canCreate"":true,""canUpdate"":true,""canDelete"":false},""load-slips-mp"":{""canAccess"":false,""canCreate"":false,""canUpdate"":false,""canDelete"":false},""scan"":{""canAccess"":true,""canCreate"":true,""canUpdate"":true,""canDelete"":false},""scan-history"":{""canAccess"":true,""canCreate"":false,""canUpdate"":true,""canDelete"":false},""reports"":{""canAccess"":false,""canCreate"":false,""canUpdate"":false,""canDelete"":false},""inventory"":{""canAccess"":false,""canCreate"":false,""canUpdate"":false,""canDelete"":false},""proforma-slips"":{""canAccess"":true,""canCreate"":false,""canUpdate"":true,""canDelete"":false},""sales"":{""canAccess"":true,""canCreate"":true,""canUpdate"":false,""canDelete"":false},""purchases"":{""canAccess"":false,""canCreate"":false,""canUpdate"":false,""canDelete"":false},""vehicle-info"":{""canAccess"":false,""canCreate"":false,""canUpdate"":false,""canDelete"":false},""users"":{""canAccess"":false,""canCreate"":false,""canUpdate"":false,""canDelete"":false},""activities"":{""canAccess"":false,""canCreate"":false,""canUpdate"":false,""canDelete"":false},""settings"":{""canAccess"":false,""canCreate"":false,""canUpdate"":false,""canDelete"":false}}"
11,divyang@km-finny,0404,,,DIVYANG PATEL,STOREKEEPER,DISPATCH {VALSAD},read,read/write,"{""home"":{""canAccess"":true,""canCreate"":false,""canUpdate"":false,""canDelete"":false},""messages"":{""canAccess"":true,""canCreate"":true,""canUpdate"":true,""canDelete"":false},""inout"":{""canAccess"":true,""canCreate"":true,""canUpdate"":true,""canDelete"":false},""load-slips-gj"":{""canAccess"":true,""canCreate"":true,""canUpdate"":true,""canDelete"":false},""load-slips-mp"":{""canAccess"":false,""canCreate"":false,""canUpdate"":false,""canDelete"":false},""scan"":{""canAccess"":true,""canCreate"":true,""canUpdate"":true,""canDelete"":false},""scan-history"":{""canAccess"":true,""canCreate"":true,""canUpdate"":true,""canDelete"":false},""reports"":{""canAccess"":false,""canCreate"":false,""canUpdate"":false,""canDelete"":false},""inventory"":{""canAccess"":false,""canCreate"":false,""canUpdate"":false,""canDelete"":false},""proforma-slips"":{""canAccess"":false,""canCreate"":false,""canUpdate"":false,""canDelete"":false},""sales"":{""canAccess"":false,""canCreate"":false,""canUpdate"":false,""canDelete"":false},""purchases"":{""canAccess"":false,""canCreate"":false,""canUpdate"":false,""canDelete"":false},""vehicle-info"":{""canAccess"":false,""canCreate"":false,""canUpdate"":false,""canDelete"":false},""users"":{""canAccess"":false,""canCreate"":false,""canUpdate"":false,""canDelete"":false},""activities"":{""canAccess"":false,""canCreate"":false,""canUpdate"":false,""canDelete"":false},""settings"":{""canAccess"":false,""canCreate"":false,""canUpdate"":false,""canDelete"":false}}"
3,yash@km-finny,0707,,,Yash patel,HEAD,IT,read,super-admin,"{""home"":{""canAccess"":true,""canCreate"":true,""canUpdate"":true,""canDelete"":true},""messages"":{""canAccess"":true,""canCreate"":true,""canUpdate"":true,""canDelete"":true},""inout"":{""canAccess"":true,""canCreate"":true,""canUpdate"":true,""canDelete"":true},""load-slips-gj"":{""canAccess"":true,""canCreate"":true,""canUpdate"":true,""canDelete"":true},""load-slips-mp"":{""canAccess"":true,""canCreate"":true,""canUpdate"":true,""canDelete"":true},""scan"":{""canAccess"":true,""canCreate"":true,""canUpdate"":true,""canDelete"":true},""scan-history"":{""canAccess"":true,""canCreate"":true,""canUpdate"":true,""canDelete"":true},""reports"":{""canAccess"":true,""canCreate"":true,""canUpdate"":true,""canDelete"":true},""inventory"":{""canAccess"":true,""canCreate"":true,""canUpdate"":true,""canDelete"":true},""proforma-slips"":{""canAccess"":true,""canCreate"":true,""canUpdate"":true,""canDelete"":true},""sales"":{""canAccess"":true,""canCreate"":true,""canUpdate"":true,""canDelete"":true},""purchases"":{""canAccess"":true,""canCreate"":true,""canUpdate"":true,""canDelete"":true},""vehicle-info"":{""canAccess"":true,""canCreate"":true,""canUpdate"":true,""canDelete"":true},""users"":{""canAccess"":true,""canCreate"":true,""canUpdate"":true,""canDelete"":true},""activities"":{""canAccess"":true,""canCreate"":true,""canUpdate"":true,""canDelete"":true},""settings"":{""canAccess"":true,""canCreate"":true,""canUpdate"":true,""canDelete"":true}}"
15,bhikhubhai@km-finny,1010,,,BHIKHUBHAI PATEL,STOREKEEPER,DISPATCH {VALSAD},read,read/write,"{""home"":{""canAccess"":true,""canCreate"":true,""canUpdate"":true,""canDelete"":false},""messages"":{""canAccess"":true,""canCreate"":true,""canUpdate"":true,""canDelete"":false},""inout"":{""canAccess"":true,""canCreate"":true,""canUpdate"":true,""canDelete"":false},""load-slips-gj"":{""canAccess"":true,""canCreate"":true,""canUpdate"":true,""canDelete"":false},""load-slips-mp"":{""canAccess"":true,""canCreate"":true,""canUpdate"":true,""canDelete"":false},""scan"":{""canAccess"":true,""canCreate"":true,""canUpdate"":true,""canDelete"":false},""scan-history"":{""canAccess"":true,""canCreate"":true,""canUpdate"":true,""canDelete"":false},""reports"":{""canAccess"":true,""canCreate"":true,""canUpdate"":true,""canDelete"":false},""inventory"":{""canAccess"":false,""canCreate"":false,""canUpdate"":false,""canDelete"":false},""proforma-slips"":{""canAccess"":false,""canCreate"":false,""canUpdate"":false,""canDelete"":false},""sales"":{""canAccess"":false,""canCreate"":false,""canUpdate"":false,""canDelete"":false},""purchases"":{""canAccess"":false,""canCreate"":false,""canUpdate"":false,""canDelete"":false},""vehicle-info"":{""canAccess"":false,""canCreate"":false,""canUpdate"":false,""canDelete"":false},""users"":{""canAccess"":false,""canCreate"":false,""canUpdate"":false,""canDelete"":false},""activities"":{""canAccess"":false,""canCreate"":false,""canUpdate"":false,""canDelete"":false},""settings"":{""canAccess"":false,""canCreate"":false,""canUpdate"":false,""canDelete"":false}}"
16,tejashm@km-finny,1111,,,TEJASH M PATEL,STOREKEEPER,DISPATCH {VALSAD},read,read/write,
7,divyesh@km-finny,0303,,,DIVYESH PATEL,SUPERVISOR,DISPATCH {VALSAD},read,read/write,
10,darpan@km-finny,9925,,,Darpan,ASSISTANT,BILLING,read,read,
8,mahesh@km-finny,5525,,,Mahesh,DIRECTOR,MANAGEMENT,read,read/write,"{""home"":{""canAccess"":true,""canCreate"":false,""canUpdate"":false,""canDelete"":false},""messages"":{""canAccess"":true,""canCreate"":true,""canUpdate"":true,""canDelete"":false},""inout"":{""canAccess"":false,""canCreate"":false,""canUpdate"":false,""canDelete"":false},""load-slips-gj"":{""canAccess"":true,""canCreate"":false,""canUpdate"":false,""canDelete"":false},""load-slips-mp"":{""canAccess"":true,""canCreate"":false,""canUpdate"":false,""canDelete"":false},""scan"":{""canAccess"":true,""canCreate"":true,""canUpdate"":true,""canDelete"":false},""scan-history"":{""canAccess"":true,""canCreate"":true,""canUpdate"":true,""canDelete"":false},""reports"":{""canAccess"":true,""canCreate"":false,""canUpdate"":false,""canDelete"":false},""inventory"":{""canAccess"":true,""canCreate"":false,""canUpdate"":false,""canDelete"":false},""proforma-slips"":{""canAccess"":true,""canCreate"":false,""canUpdate"":false,""canDelete"":false},""sales"":{""canAccess"":true,""canCreate"":false,""canUpdate"":false,""canDelete"":false},""purchases"":{""canAccess"":false,""canCreate"":false,""canUpdate"":false,""canDelete"":false},""vehicle-info"":{""canAccess"":true,""canCreate"":false,""canUpdate"":false,""canDelete"":false},""users"":{""canAccess"":false,""canCreate"":false,""canUpdate"":false,""canDelete"":false},""activities"":{""canAccess"":false,""canCreate"":false,""canUpdate"":false,""canDelete"":false},""settings"":{""canAccess"":false,""canCreate"":false,""canUpdate"":false,""canDelete"":false}}"
12,akshay@km-finny,0505,,,AKSHAY PATEL,STOREKEEPER,DISPATCH {VALSAD},read,read/write,"{""home"":{""canAccess"":true,""canCreate"":false,""canUpdate"":false,""canDelete"":false},""messages"":{""canAccess"":true,""canCreate"":true,""canUpdate"":true,""canDelete"":false},""inout"":{""canAccess"":true,""canCreate"":true,""canUpdate"":true,""canDelete"":false},""load-slips-gj"":{""canAccess"":true,""canCreate"":true,""canUpdate"":true,""canDelete"":false},""load-slips-mp"":{""canAccess"":false,""canCreate"":false,""canUpdate"":false,""canDelete"":false},""scan"":{""canAccess"":true,""canCreate"":true,""canUpdate"":true,""canDelete"":false},""scan-history"":{""canAccess"":true,""canCreate"":true,""canUpdate"":true,""canDelete"":false},""reports"":{""canAccess"":false,""canCreate"":false,""canUpdate"":false,""canDelete"":false},""inventory"":{""canAccess"":false,""canCreate"":false,""canUpdate"":false,""canDelete"":false},""proforma-slips"":{""canAccess"":false,""canCreate"":false,""canUpdate"":false,""canDelete"":false},""sales"":{""canAccess"":false,""canCreate"":false,""canUpdate"":false,""canDelete"":false},""purchases"":{""canAccess"":false,""canCreate"":false,""canUpdate"":false,""canDelete"":false},""vehicle-info"":{""canAccess"":false,""canCreate"":false,""canUpdate"":false,""canDelete"":false},""users"":{""canAccess"":false,""canCreate"":false,""canUpdate"":false,""canDelete"":false},""activities"":{""canAccess"":false,""canCreate"":false,""canUpdate"":false,""canDelete"":false},""settings"":{""canAccess"":false,""canCreate"":false,""canUpdate"":false,""canDelete"":false}}"
6,priyank@km-finny,0202,,,PRIYANK PATEL,STOREKEEPER,DISPATCH {VALSAD},read,read/write,"{""home"":{""canAccess"":true,""canCreate"":false,""canUpdate"":false,""canDelete"":false},""messages"":{""canAccess"":true,""canCreate"":true,""canUpdate"":true,""canDelete"":false},""inout"":{""canAccess"":true,""canCreate"":true,""canUpdate"":true,""canDelete"":false},""load-slips-gj"":{""canAccess"":true,""canCreate"":true,""canUpdate"":true,""canDelete"":false},""load-slips-mp"":{""canAccess"":false,""canCreate"":false,""canUpdate"":false,""canDelete"":false},""scan"":{""canAccess"":true,""canCreate"":true,""canUpdate"":true,""canDelete"":false},""scan-history"":{""canAccess"":true,""canCreate"":true,""canUpdate"":true,""canDelete"":false},""reports"":{""canAccess"":false,""canCreate"":false,""canUpdate"":false,""canDelete"":false},""inventory"":{""canAccess"":false,""canCreate"":false,""canUpdate"":false,""canDelete"":false},""proforma-slips"":{""canAccess"":false,""canCreate"":false,""canUpdate"":false,""canDelete"":false},""sales"":{""canAccess"":false,""canCreate"":false,""canUpdate"":false,""canDelete"":false},""purchases"":{""canAccess"":false,""canCreate"":false,""canUpdate"":false,""canDelete"":false},""vehicle-info"":{""canAccess"":false,""canCreate"":false,""canUpdate"":false,""canDelete"":false},""users"":{""canAccess"":false,""canCreate"":false,""canUpdate"":false,""canDelete"":false},""activities"":{""canAccess"":false,""canCreate"":false,""canUpdate"":false,""canDelete"":false},""settings"":{""canAccess"":false,""canCreate"":false,""canUpdate"":false,""canDelete"":false}}"
18,hiteshbhai@km-finny,1818,,,HITESHBHAI PATEL,HEAD,SALES,read,read,"{""home"":{""canAccess"":true,""canCreate"":false,""canUpdate"":false,""canDelete"":false},""messages"":{""canAccess"":true,""canCreate"":false,""canUpdate"":false,""canDelete"":false},""inout"":{""canAccess"":true,""canCreate"":false,""canUpdate"":false,""canDelete"":false},""load-slips-gj"":{""canAccess"":true,""canCreate"":false,""canUpdate"":false,""canDelete"":false},""load-slips-mp"":{""canAccess"":true,""canCreate"":false,""canUpdate"":false,""canDelete"":false},""scan"":{""canAccess"":true,""canCreate"":false,""canUpdate"":false,""canDelete"":false},""scan-history"":{""canAccess"":true,""canCreate"":false,""canUpdate"":false,""canDelete"":false},""reports"":{""canAccess"":true,""canCreate"":false,""canUpdate"":false,""canDelete"":false},""inventory"":{""canAccess"":false,""canCreate"":false,""canUpdate"":false,""canDelete"":false},""proforma-slips"":{""canAccess"":false,""canCreate"":false,""canUpdate"":false,""canDelete"":false},""sales"":{""canAccess"":false,""canCreate"":false,""canUpdate"":false,""canDelete"":false},""purchases"":{""canAccess"":false,""canCreate"":false,""canUpdate"":false,""canDelete"":false},""vehicle-info"":{""canAccess"":false,""canCreate"":false,""canUpdate"":false,""canDelete"":false},""users"":{""canAccess"":false,""canCreate"":false,""canUpdate"":false,""canDelete"":false},""activities"":{""canAccess"":false,""canCreate"":false,""canUpdate"":false,""canDelete"":false},""settings"":{""canAccess"":false,""canCreate"":false,""canUpdate"":false,""canDelete"":false}}"
5,badelal@km-finny,0101,,,BADELAL VARMA,STOREKEEPER,DISPATCH {VALSAD},read,read/write,"{""home"":{""canAccess"":true,""canCreate"":false,""canUpdate"":false,""canDelete"":false},""messages"":{""canAccess"":true,""canCreate"":true,""canUpdate"":true,""canDelete"":false},""inout"":{""canAccess"":true,""canCreate"":true,""canUpdate"":true,""canDelete"":false},""load-slips-gj"":{""canAccess"":true,""canCreate"":true,""canUpdate"":true,""canDelete"":false},""load-slips-mp"":{""canAccess"":false,""canCreate"":false,""canUpdate"":false,""canDelete"":false},""scan"":{""canAccess"":true,""canCreate"":true,""canUpdate"":true,""canDelete"":false},""scan-history"":{""canAccess"":true,""canCreate"":true,""canUpdate"":true,""canDelete"":false},""reports"":{""canAccess"":false,""canCreate"":false,""canUpdate"":false,""canDelete"":false},""inventory"":{""canAccess"":false,""canCreate"":false,""canUpdate"":false,""canDelete"":false},""proforma-slips"":{""canAccess"":false,""canCreate"":false,""canUpdate"":false,""canDelete"":false},""sales"":{""canAccess"":false,""canCreate"":false,""canUpdate"":false,""canDelete"":false},""purchases"":{""canAccess"":false,""canCreate"":false,""canUpdate"":false,""canDelete"":false},""vehicle-info"":{""canAccess"":false,""canCreate"":false,""canUpdate"":false,""canDelete"":false},""users"":{""canAccess"":false,""canCreate"":false,""canUpdate"":false,""canDelete"":false},""activities"":{""canAccess"":false,""canCreate"":false,""canUpdate"":false,""canDelete"":false},""settings"":{""canAccess"":false,""canCreate"":false,""canUpdate"":false,""canDelete"":false}}"
13,deven@km-finny,0606,,,DEVEN PATEL,SUPERVISOR,DISPATCH {VALSAD},read,read/write,"{""home"":{""canAccess"":true,""canCreate"":false,""canUpdate"":false,""canDelete"":false},""messages"":{""canAccess"":true,""canCreate"":true,""canUpdate"":true,""canDelete"":false},""inout"":{""canAccess"":true,""canCreate"":true,""canUpdate"":true,""canDelete"":false},""load-slips-gj"":{""canAccess"":true,""canCreate"":true,""canUpdate"":true,""canDelete"":false},""load-slips-mp"":{""canAccess"":false,""canCreate"":false,""canUpdate"":false,""canDelete"":false},""scan"":{""canAccess"":true,""canCreate"":true,""canUpdate"":true,""canDelete"":false},""scan-history"":{""canAccess"":true,""canCreate"":true,""canUpdate"":true,""canDelete"":false},""reports"":{""canAccess"":false,""canCreate"":false,""canUpdate"":false,""canDelete"":false},""inventory"":{""canAccess"":false,""canCreate"":false,""canUpdate"":false,""canDelete"":false},""proforma-slips"":{""canAccess"":false,""canCreate"":false,""canUpdate"":false,""canDelete"":false},""sales"":{""canAccess"":false,""canCreate"":false,""canUpdate"":false,""canDelete"":false},""purchases"":{""canAccess"":false,""canCreate"":false,""canUpdate"":false,""canDelete"":false},""vehicle-info"":{""canAccess"":false,""canCreate"":false,""canUpdate"":false,""canDelete"":false},""users"":{""canAccess"":false,""canCreate"":false,""canUpdate"":false,""canDelete"":false},""activities"":{""canAccess"":false,""canCreate"":false,""canUpdate"":false,""canDelete"":false},""settings"":{""canAccess"":false,""canCreate"":false,""canUpdate"":false,""canDelete"":false}}"
14,yashs@km-finny,0808,,,YASH S PATEL,STOREKEEPER,DISPATCH {VALSAD},read,read/write,"{""home"":{""canAccess"":true,""canCreate"":false,""canUpdate"":false,""canDelete"":false},""messages"":{""canAccess"":true,""canCreate"":true,""canUpdate"":true,""canDelete"":false},""inout"":{""canAccess"":true,""canCreate"":true,""canUpdate"":true,""canDelete"":false},""load-slips-gj"":{""canAccess"":true,""canCreate"":true,""canUpdate"":true,""canDelete"":false},""load-slips-mp"":{""canAccess"":false,""canCreate"":false,""canUpdate"":false,""canDelete"":false},""scan"":{""canAccess"":true,""canCreate"":true,""canUpdate"":true,""canDelete"":false},""scan-history"":{""canAccess"":true,""canCreate"":true,""canUpdate"":true,""canDelete"":false},""reports"":{""canAccess"":false,""canCreate"":false,""canUpdate"":false,""canDelete"":false},""inventory"":{""canAccess"":false,""canCreate"":false,""canUpdate"":false,""canDelete"":false},""proforma-slips"":{""canAccess"":false,""canCreate"":false,""canUpdate"":false,""canDelete"":false},""sales"":{""canAccess"":false,""canCreate"":false,""canUpdate"":false,""canDelete"":false},""purchases"":{""canAccess"":false,""canCreate"":false,""canUpdate"":false,""canDelete"":false},""vehicle-info"":{""canAccess"":false,""canCreate"":false,""canUpdate"":false,""canDelete"":false},""users"":{""canAccess"":false,""canCreate"":false,""canUpdate"":false,""canDelete"":false},""activities"":{""canAccess"":false,""canCreate"":false,""canUpdate"":false,""canDelete"":false},""settings"":{""canAccess"":false,""canCreate"":false,""canUpdate"":false,""canDelete"":false}}"
20,rishabh@km-finny,2222,,,RISHABH CHOUDHARY,SUPERVISOR,DISPATCH {INDORE},read,read/write,
19,kapil@km-finny,4444,,,KAPIL DAS BAIRAGI,SUPERVISOR,DISPATCH {INDORE},read,read/write,
21,nikunj@km-finny,5555,,,NIKUNJ PATEL,ASST. MANAGER,MANAGEMENT,read,read/write,