id,sr_no,rto_number,vehicle_number,volume,series,manufacturer,last_edited_by_id,last_edited_at,created_by_id,created_at
51,1,MH-06-AQ-0725,01MH-06-AQ-0725,,AQ,TATA,3,2025-04-03T03:26:50.143Z,3,2025-04-03T03:26:50.143Z
52,2,MH-06-AQ-0975,02MH-06-AQ-0975,,AQ,TATA,3,2025-04-03T03:26:50.143Z,3,2025-04-03T03:26:50.143Z
53,3,MH-06-AQ-2325,03MH-06-AQ-2325,,AQ,TATA,3,2025-04-03T03:26:50.143Z,3,2025-04-03T03:26:50.143Z
54,4,MH-06-AQ-2425,04MH-06-AQ-2425,,AQ,TATA,3,2025-04-03T03:26:50.143Z,3,2025-04-03T03:26:50.143Z
55,5,MH-06-AQ-2825,05MH-06-AQ-2825,,AQ,TATA,3,2025-04-03T03:26:50.143Z,3,2025-04-03T03:26:50.143Z
56,6,MH-06-AQ-2925,06MH-06-AQ-2925,,AQ,TATA,3,2025-04-03T03:26:50.143Z,3,2025-04-03T03:26:50.143Z
57,7,MH-06-AQ-3205,07MH-06-AQ-3205,,AQ,TATA,3,2025-04-03T03:26:50.143Z,3,2025-04-03T03:26:50.143Z
58,8,MH-06-AQ-9225,08MH-06-AQ-9225,,AQ,LEYLAND,3,2025-04-03T03:26:50.143Z,3,2025-04-03T03:26:50.143Z
59,9,MH-46-F-1525,09MH-46-F-1525,,F,TATA,3,2025-04-03T03:26:50.143Z,3,2025-04-03T03:26:50.143Z
60,10,MH-46-F-1725,10MH-46-F-1725,,F,TATA,3,2025-04-03T03:26:50.143Z,3,2025-04-03T03:26:50.143Z
61,11,MH-46-F-1825,11MH-46-F-1825,,F,TATA,3,2025-04-03T03:26:50.143Z,3,2025-04-03T03:26:50.143Z
62,12,MH-46-F-1925,12MH-46-F-1925,,F,TATA,3,2025-04-03T03:26:50.143Z,3,2025-04-03T03:26:50.143Z
63,13,MH-46-F-2025,13MH-46-F-2025,,F,TATA,3,2025-04-03T03:26:50.143Z,3,2025-04-03T03:26:50.143Z
64,14,MH-46-F-2125,14MH-46-F-2125,,F,TATA,3,2025-04-03T03:26:50.143Z,3,2025-04-03T03:26:50.143Z
65,15,MH-46-F-2225,15MH-46-F-2225,,F,TATA,3,2025-04-03T03:26:50.143Z,3,2025-04-03T03:26:50.143Z
66,16,MH-46-F-2625,16MH-46-F-2625,,F,TATA,3,2025-04-03T03:26:50.143Z,3,2025-04-03T03:26:50.143Z
67,17,MH-46-F-2725,17MH-46-F-2725,,F,TATA,3,2025-04-03T03:26:50.143Z,3,2025-04-03T03:26:50.143Z
68,18,MH-46-F-2925,18MH-46-F-2925,,F,TATA,3,2025-04-03T03:26:50.143Z,3,2025-04-03T03:26:50.143Z
69,19,MH-46-F-3025,19MH-46-F-3025,,F,TATA,3,2025-04-03T03:26:50.143Z,3,2025-04-03T03:26:50.143Z
70,20,MH-46-F-3125,20MH-46-F-3125,,F,TATA,3,2025-04-03T03:26:50.143Z,3,2025-04-03T03:26:50.143Z
71,21,MH-46-F-3325,21MH-46-F-3325,,F,TATA,3,2025-04-03T03:26:50.143Z,3,2025-04-03T03:26:50.143Z
72,22,MH-46-F-3425,22MH-46-F-3425,,F,TATA,3,2025-04-03T03:26:50.143Z,3,2025-04-03T03:26:50.143Z
73,23,MH-46-F-5225,23MH-46-F-5225,,F,TATA,3,2025-04-03T03:26:50.143Z,3,2025-04-03T03:26:50.143Z
74,24,MH-46-F-5325,24MH-46-F-5325,,F,TATA,3,2025-04-03T03:26:50.143Z,3,2025-04-03T03:26:50.143Z
75,25,MH-46-F-5425,25MH-46-F-5425,,F,TATA,3,2025-04-03T03:26:50.143Z,3,2025-04-03T03:26:50.143Z
76,26,MH-46-F-5525,26MH-46-F-5525,,F,TATA,3,2025-04-03T03:26:50.143Z,3,2025-04-03T03:26:50.143Z
77,27,MH-46-F-5625,27MH-46-F-5625,,F,TATA,3,2025-04-03T03:26:50.143Z,3,2025-04-03T03:26:50.143Z
78,28,MH-46-F-5725,28MH-46-F-5725,,F,TATA,3,2025-04-03T03:26:50.143Z,3,2025-04-03T03:26:50.143Z
79,29,MH-46-F-5925,29MH-46-F-5925,,F,TATA,3,2025-04-03T03:26:50.143Z,3,2025-04-03T03:26:50.143Z
80,30,MH-46-F-6025,30MH-46-F-6025,,F,TATA,3,2025-04-03T03:26:50.143Z,3,2025-04-03T03:26:50.143Z
81,31,MH-46-F-6125,31MH-46-F-6125,,F,TATA,3,2025-04-03T03:26:50.143Z,3,2025-04-03T03:26:50.143Z
82,32,MH-46-AF-6925,32MH-46-AF-6925,,AF,TATA,3,2025-04-03T03:26:50.143Z,3,2025-04-03T03:26:50.143Z
83,33,MH-46-AF-7025,33MH-46-AF-7025,,AF,TATA,3,2025-04-03T03:26:50.143Z,3,2025-04-03T03:26:50.143Z
84,34,MH-46-AF-7425,34MH-46-AF-7425,,AF,TATA,3,2025-04-03T03:26:50.143Z,3,2025-04-03T03:26:50.143Z
85,35,MH-46-AF-7525,35MH-46-AF-7525,,AF,TATA,3,2025-04-03T03:26:50.143Z,3,2025-04-03T03:26:50.143Z
86,36,MH-46-AF-7825,36MH-46-AF-7825,,AF,TATA,3,2025-04-03T03:26:50.143Z,3,2025-04-03T03:26:50.143Z
87,37,MH-46-AF-8125,37MH-46-AF-8125,,AF,LEYLAND,3,2025-04-03T03:26:50.143Z,3,2025-04-03T03:26:50.143Z
88,38,MH-46-AF-8225,38MH-46-AF-8225,,AF,LEYLAND,3,2025-04-03T03:26:50.143Z,3,2025-04-03T03:26:50.143Z
89,39,MH-46-AF-8325,39MH-46-AF-8325,,AF,LEYLAND,3,2025-04-03T03:26:50.143Z,3,2025-04-03T03:26:50.143Z
90,40,MH-46-AR-1525,40MH-46-AR-1525,,AR,TATA,3,2025-04-03T03:26:50.143Z,3,2025-04-03T03:26:50.143Z
91,41,MH-46-AR-1625,41MH-46-AR-1625,,AR,TATA,3,2025-04-03T03:26:50.143Z,3,2025-04-03T03:26:50.143Z
92,42,MH-46-AR-1925,42MH-46-AR-1925,,AR,TATA,3,2025-04-03T03:26:50.143Z,3,2025-04-03T03:26:50.143Z
93,43,MH-46-AR-2625,43MH-46-AR-2625,,AR,TATA,3,2025-04-03T03:26:50.143Z,3,2025-04-03T03:26:50.143Z
94,44,MH-46-AR-2725,44MH-46-AR-2725,,AR,TATA,3,2025-04-03T03:26:50.143Z,3,2025-04-03T03:26:50.143Z
95,45,MH-46-AR-6225,45MH-46-AR-6225,,AR,TATA,3,2025-04-03T03:26:50.143Z,3,2025-04-03T03:26:50.143Z
96,46,MH-46-AR-6325,46MH-46-AR-6325,,AR,TATA,3,2025-04-03T03:26:50.143Z,3,2025-04-03T03:26:50.143Z
97,47,MH-46-AR-6725,47MH-46-AR-6725,,AR,TATA,3,2025-04-03T03:26:50.143Z,3,2025-04-03T03:26:50.143Z
98,48,MH-46-BB-9525,48MH-46-BB-9525,,BB,TATA,3,2025-04-03T03:26:50.143Z,3,2025-04-03T03:26:50.143Z
99,49,MH-46-BB-9625,49MH-46-BB-9625,,BB,TATA,3,2025-04-03T03:26:50.143Z,3,2025-04-03T03:26:50.143Z
100,50,MH-46-BB-9725,50MH-46-BB-9725,,BB,TATA,3,2025-04-03T03:26:50.143Z,3,2025-04-03T03:26:50.143Z
101,51,MH-46-BB-9825,51MH-46-BB-9825,,BB,TATA,3,2025-04-03T03:26:50.143Z,3,2025-04-03T03:26:50.143Z
102,52,MH-46-BB-9925,52MH-46-BB-9925,,BB,TATA,3,2025-04-03T03:26:50.143Z,3,2025-04-03T03:26:50.143Z
103,53,MH-46-BF-3525,53MH-46-BF-3525,,BF,EICHER,3,2025-04-03T03:26:50.143Z,3,2025-04-03T03:26:50.143Z
104,54,MH-46-BF-3625,54MH-46-BF-3625,,BF,EICHER,3,2025-04-03T03:26:50.143Z,3,2025-04-03T03:26:50.143Z
105,55,MH-46-BF-3725,55MH-46-BF-3725,,BF,EICHER,3,2025-04-03T03:26:50.143Z,3,2025-04-03T03:26:50.143Z
106,56,MH-46-BF-3825,56MH-46-BF-3825,,BF,EICHER,3,2025-04-03T03:26:50.143Z,3,2025-04-03T03:26:50.143Z
107,57,MH-46-BF-3925,57MH-46-BF-3925,,BF,EICHER,3,2025-04-03T03:26:50.143Z,3,2025-04-03T03:26:50.143Z
108,58,MH-46-BF-4025,58MH-46-BF-4025,,BF,EICHER,3,2025-04-03T03:26:50.143Z,3,2025-04-03T03:26:50.143Z
109,59,MH-46-BF-8525,59MH-46-BF-8525,,BF,EICHER,3,2025-04-03T03:26:50.143Z,3,2025-04-03T03:26:50.143Z
110,60,MH-46-BF-8625,60MH-46-BF-8625,,BF,EICHER,3,2025-04-03T03:26:50.143Z,3,2025-04-03T03:26:50.143Z
111,61,MH-46-BF-8725,61MH-46-BF-8725,,BF,EICHER,3,2025-04-03T03:26:50.143Z,3,2025-04-03T03:26:50.143Z
112,62,MH-46-BF-8825,62MH-46-BF-8825,,BF,EICHER,3,2025-04-03T03:26:50.143Z,3,2025-04-03T03:26:50.143Z
113,63,MH-46-BF-8925,63MH-46-BF-8925,,BF,EICHER,3,2025-04-03T03:26:50.143Z,3,2025-04-03T03:26:50.143Z
114,64,GJ-15-AV-2530,64GJ-15-AV-2530,,AV,EICHER,3,2025-04-03T03:26:50.143Z,3,2025-04-03T03:26:50.143Z
115,65,GJ-15-AV-2930,65GJ-15-AV-2930,,AV,EICHER,3,2025-04-03T03:26:50.143Z,3,2025-04-03T03:26:50.143Z
116,66,GJ-15-AV-2607,66GJ-15-AV-2607,,AV,EICHER,3,2025-04-03T03:26:50.143Z,3,2025-04-03T03:26:50.143Z
117,67,GJ-15-AV-2694,67GJ-15-AV-2694,,AV,EICHER,3,2025-04-03T03:26:50.143Z,3,2025-04-03T03:26:50.143Z
118,68,GJ-15-AV-2697,68GJ-15-AV-2697,,AV,EICHER,3,2025-04-03T03:26:50.143Z,3,2025-04-03T03:26:50.143Z
119,69,GJ-15-AV-2785,69GJ-15-AV-2785,,AV,EICHER,3,2025-04-03T03:26:50.143Z,3,2025-04-03T03:26:50.143Z
120,70,GJ-15-AV-4025,70GJ-15-AV-4025,,AV,TATA,3,2025-04-03T03:26:50.143Z,3,2025-04-03T03:26:50.143Z
121,71,GJ-15-AV-4125,71GJ-15-AV-4125,,AV,EICHER,3,2025-04-03T03:26:50.143Z,3,2025-04-03T03:26:50.143Z
122,72,GJ-15-AV-4225,72GJ-15-AV-4225,,AV,EICHER,3,2025-04-03T03:26:50.143Z,3,2025-04-03T03:26:50.143Z
123,73,GJ-15-AV-4325,73GJ-15-AV-4325,,AV,EICHER,3,2025-04-03T03:26:50.143Z,3,2025-04-03T03:26:50.143Z
124,74,GJ-15-AV-4425,74GJ-15-AV-4425,,AV,EICHER,3,2025-04-03T03:26:50.143Z,3,2025-04-03T03:26:50.143Z
125,75,GJ-15-AV-4525,75GJ-15-AV-4525,,AV,EICHER,3,2025-04-03T03:26:50.143Z,3,2025-04-03T03:26:50.143Z
126,76,GJ-15-AV-4625,76GJ-15-AV-4625,,AV,EICHER,3,2025-04-03T03:26:50.143Z,3,2025-04-03T03:26:50.143Z
127,77,GJ-15-AV-4725,77GJ-15-AV-4725,,AV,EICHER,3,2025-04-03T03:26:50.143Z,3,2025-04-03T03:26:50.143Z
128,78,GJ-15-AV-4825,78GJ-15-AV-4825,,AV,TATA,3,2025-04-03T03:26:50.143Z,3,2025-04-03T03:26:50.143Z
129,79,GJ-15-AV-4925,79GJ-15-AV-4925,,AV,TATA,3,2025-04-03T03:26:50.143Z,3,2025-04-03T03:26:50.143Z
130,80,GJ-15-AV-5025,80GJ-15-AV-5025,,AV,TATA,3,2025-04-03T03:26:50.143Z,3,2025-04-03T03:26:50.143Z
131,81,GJ-15-AV-5125,81GJ-15-AV-5125,,AV,TATA,3,2025-04-03T03:26:50.143Z,3,2025-04-03T03:26:50.143Z
132,82,GJ-15-AV-5225,82GJ-15-AV-5225,,AV,TATA,3,2025-04-03T03:26:50.143Z,3,2025-04-03T03:26:50.143Z
133,83,GJ-15-AV-5325,83GJ-15-AV-5325,,AV,TATA,3,2025-04-03T03:26:50.143Z,3,2025-04-03T03:26:50.143Z
134,84,GJ-15-AV-5425,84GJ-15-AV-5425,,AV,TATA,3,2025-04-03T03:26:50.143Z,3,2025-04-03T03:26:50.143Z
135,85,GJ-15-AV-5525,85GJ-15-AV-5525,,AV,TATA,3,2025-04-03T03:26:50.143Z,3,2025-04-03T03:26:50.143Z
136,86,GJ-15-AV-5625,86GJ-15-AV-5625,,AV,TATA,3,2025-04-03T03:26:50.143Z,3,2025-04-03T03:26:50.143Z
137,87,GJ-15-AV-5725,87GJ-15-AV-5725,,AV,EICHER,3,2025-04-03T03:26:50.143Z,3,2025-04-03T03:26:50.143Z
138,88,GJ-15-AV-5825,88GJ-15-AV-5825,,AV,TATA,3,2025-04-03T03:26:50.143Z,3,2025-04-03T03:26:50.143Z
139,89,GJ-15-AV-5925,89GJ-15-AV-5925,,AV,TATA,3,2025-04-03T03:26:50.143Z,3,2025-04-03T03:26:50.143Z
140,90,GJ-15-AV-6025,90GJ-15-AV-6025,,AV,EICHER,3,2025-04-03T03:26:50.143Z,3,2025-04-03T03:26:50.143Z
141,91,GJ-15-AV-6125,91GJ-15-AV-6125,,AV,TATA,3,2025-04-03T03:26:50.143Z,3,2025-04-03T03:26:50.143Z
142,92,GJ-15-AV-6225,92GJ-15-AV-6225,,AV,TATA,3,2025-04-03T03:26:50.143Z,3,2025-04-03T03:26:50.143Z
143,93,GJ-15-AV-6325,93GJ-15-AV-6325,,AV,TATA,3,2025-04-03T03:26:50.143Z,3,2025-04-03T03:26:50.143Z
144,94,GJ-15-AV-6425,94GJ-15-AV-6425,,AV,EICHER,3,2025-04-03T03:26:50.143Z,3,2025-04-03T03:26:50.143Z
145,95,GJ-15-AV-6525,95GJ-15-AV-6525,,AV,EICHER,3,2025-04-03T03:26:50.143Z,3,2025-04-03T03:26:50.143Z
146,96,GJ-15-AV-6625,96GJ-15-AV-6625,,AV,EICHER,3,2025-04-03T03:26:50.143Z,3,2025-04-03T03:26:50.143Z
147,97,GJ-15-AV-6725,97GJ-15-AV-6725,,AV,TATA,3,2025-04-03T03:26:50.143Z,3,2025-04-03T03:26:50.143Z
148,98,GJ-15-AV-6825,98GJ-15-AV-6825,,AV,EICHER,3,2025-04-03T03:26:50.143Z,3,2025-04-03T03:26:50.143Z
149,99,GJ-15-AV-7125,99GJ-15-AV-7125,,AV,EICHER,3,2025-04-03T03:26:50.143Z,3,2025-04-03T03:26:50.143Z
150,100,GJ-15-AV-7225,100GJ-15-AV-7225,,AV,EICHER,3,2025-04-03T03:26:50.143Z,3,2025-04-03T03:26:50.143Z
151,101,GJ-15-AV-9025,101GJ-15-AV-9025,,AV,TATA,3,2025-04-03T03:26:50.143Z,3,2025-04-03T03:26:50.143Z
152,102,GJ-15-AV-9325,102GJ-15-AV-9325,,AV,TATA,3,2025-04-03T03:26:50.143Z,3,2025-04-03T03:26:50.143Z
153,103,GJ-15-AV-9425,103GJ-15-AV-9425,,AV,TATA,3,2025-04-03T03:26:50.143Z,3,2025-04-03T03:26:50.143Z
154,104,GJ-15-AV-7425,104GJ-15-AV-7425,,AV,LEYLAND,3,2025-04-03T03:26:50.143Z,3,2025-04-03T03:26:50.143Z
155,105,GJ-15-AV-7525,105GJ-15-AV-7525,,AV,LEYLAND,3,2025-04-03T03:26:50.143Z,3,2025-04-03T03:26:50.143Z
156,106,GJ-15-AV-7625,106GJ-15-AV-7625,,AV,LEYLAND,3,2025-04-03T03:26:50.143Z,3,2025-04-03T03:26:50.143Z
157,107,GJ-15-AV-7725,107GJ-15-AV-7725,,AV,LEYLAND,3,2025-04-03T03:26:50.143Z,3,2025-04-03T03:26:50.143Z
158,108,GJ-15-AV-7825,108GJ-15-AV-7825,,AV,LEYLAND,3,2025-04-03T03:26:50.143Z,3,2025-04-03T03:26:50.143Z
159,109,GJ-15-AV-7925,109GJ-15-AV-7925,,AV,LEYLAND,3,2025-04-03T03:26:50.143Z,3,2025-04-03T03:26:50.143Z
160,110,GJ-15-AV-8025,110GJ-15-AV-8025,,AV,LEYLAND,3,2025-04-03T03:26:50.143Z,3,2025-04-03T03:26:50.143Z
161,111,GJ-15-AV-8125,111GJ-15-AV-8125,,AV,LEYLAND,3,2025-04-03T03:26:50.143Z,3,2025-04-03T03:26:50.143Z
162,112,GJ-15-AV-8225,112GJ-15-AV-8225,,AV,LEYLAND,3,2025-04-03T03:26:50.143Z,3,2025-04-03T03:26:50.143Z
163,113,GJ-15-AV-8325,113GJ-15-AV-8325,,AV,LEYLAND,3,2025-04-03T03:26:50.143Z,3,2025-04-03T03:26:50.143Z
164,114,GJ-15-AV-8425,114GJ-15-AV-8425,,AV,LEYLAND,3,2025-04-03T03:26:50.143Z,3,2025-04-03T03:26:50.143Z
165,115,GJ-15-AV-8625,115GJ-15-AV-8625,,AV,LEYLAND,3,2025-04-03T03:26:50.143Z,3,2025-04-03T03:26:50.143Z
166,116,GJ-15-AV-8725,116GJ-15-AV-8725,,AV,LEYLAND,3,2025-04-03T03:26:50.143Z,3,2025-04-03T03:26:50.143Z
167,117,GJ-15-AV-8825,117GJ-15-AV-8825,,AV,LEYLAND,3,2025-04-03T03:26:50.143Z,3,2025-04-03T03:26:50.143Z
168,118,GJ-15-AV-8925,118GJ-15-AV-8925,,AV,TATA,3,2025-04-03T03:26:50.143Z,3,2025-04-03T03:26:50.143Z
169,119,GJ-15-AV-9525,119GJ-15-AV-9525,,AV,TATA,3,2025-04-03T03:26:50.143Z,3,2025-04-03T03:26:50.143Z
170,120,GJ-15-AV-9625,120GJ-15-AV-9625,,AV,TATA,3,2025-04-03T03:26:50.143Z,3,2025-04-03T03:26:50.143Z
171,121,GJ-15-AV-9725,121GJ-15-AV-9725,,AV,LEYLAND,3,2025-04-03T03:26:50.143Z,3,2025-04-03T03:26:50.143Z
172,122,GJ-15-AV-6776,122GJ-15-AV-6776,,AV,LEYLAND,3,2025-04-03T03:26:50.143Z,3,2025-04-03T03:26:50.143Z
173,123,GJ-15-AV-6741,123GJ-15-AV-6741,,AV,LEYLAND,3,2025-04-03T03:26:50.143Z,3,2025-04-03T03:26:50.143Z
174,124,GJ-15-AV-6787,124GJ-15-AV-6787,,AV,LEYLAND,3,2025-04-03T03:26:50.143Z,3,2025-04-03T03:26:50.143Z
175,125,GJ-15-AV-6624,125GJ-15-AV-6624,,AV,LEYLAND,3,2025-04-03T03:26:50.143Z,3,2025-04-03T03:26:50.143Z
176,126,GJ-15-AV-6656,126GJ-15-AV-6656,,AV,LEYLAND,3,2025-04-03T03:26:50.143Z,3,2025-04-03T03:26:50.143Z
177,127,GJ-15-AV-6680,127GJ-15-AV-6680,,AV,LEYLAND,3,2025-04-03T03:26:50.143Z,3,2025-04-03T03:26:50.143Z
178,128,GJ-15-AV-6907,128GJ-15-AV-6907,,AV,LEYLAND,3,2025-04-03T03:26:50.143Z,3,2025-04-03T03:26:50.143Z
179,129,GJ-15-AX-0025,129GJ-15-AX-0025,,AX,LEYLAND,3,2025-04-03T03:26:50.143Z,3,2025-04-03T03:26:50.143Z
180,130,GJ-15-AX-0125,130GJ-15-AX-0125,,AX,LEYLAND,3,2025-04-03T03:26:50.143Z,3,2025-04-03T03:26:50.143Z
181,131,GJ-15-AX-0225,131GJ-15-AX-0225,,AX,LEYLAND,3,2025-04-03T03:26:50.143Z,3,2025-04-03T03:26:50.143Z
182,132,GJ-15-AX-0325,132GJ-15-AX-0325,,AX,LEYLAND,3,2025-04-03T03:26:50.143Z,3,2025-04-03T03:26:50.143Z
183,133,GJ-15-AX-0425,133GJ-15-AX-0425,,AX,EICHER,3,2025-04-03T03:26:50.143Z,3,2025-04-03T03:26:50.143Z
184,134,GJ-15-AX-0525,134GJ-15-AX-0525,,AX,EICHER,3,2025-04-03T03:26:50.143Z,3,2025-04-03T03:26:50.143Z
185,135,GJ-15-AX-0625,135GJ-15-AX-0625,,AX,LEYLAND,3,2025-04-03T03:26:50.143Z,3,2025-04-03T03:26:50.143Z
186,136,GJ-15-AX-0725,136GJ-15-AX-0725,,AX,LEYLAND,3,2025-04-03T03:26:50.143Z,3,2025-04-03T03:26:50.143Z
187,137,GJ-15-AX-0825,137GJ-15-AX-0825,,AX,EICHER,3,2025-04-03T03:26:50.143Z,3,2025-04-03T03:26:50.143Z
188,138,GJ-15-AX-0925,138GJ-15-AX-0925,,AX,EICHER,3,2025-04-03T03:26:50.143Z,3,2025-04-03T03:26:50.143Z
189,139,GJ-15-AX-1025,139GJ-15-AX-1025,,AX,EICHER,3,2025-04-03T03:26:50.143Z,3,2025-04-03T03:26:50.143Z
190,140,GJ-15-AX-1225,140GJ-15-AX-1225,,AX,EICHER,3,2025-04-03T03:26:50.143Z,3,2025-04-03T03:26:50.143Z
191,141,GJ-15-AX-1325,141GJ-15-AX-1325,,AX,EICHER,3,2025-04-03T03:26:50.143Z,3,2025-04-03T03:26:50.143Z
192,142,GJ-15-AX-1425,142GJ-15-AX-1425,,AX,EICHER,3,2025-04-03T03:26:50.143Z,3,2025-04-03T03:26:50.143Z
193,143,GJ-15-AX-1525,143GJ-15-AX-1525,,AX,TATA,3,2025-04-03T03:26:50.143Z,3,2025-04-03T03:26:50.143Z
194,144,GJ-15-AX-1625,144GJ-15-AX-1625,,AX,TATA,3,2025-04-03T03:26:50.143Z,3,2025-04-03T03:26:50.143Z
195,145,GJ-15-AX-1825,145GJ-15-AX-1825,,AX,TATA,3,2025-04-03T03:26:50.143Z,3,2025-04-03T03:26:50.143Z
196,146,GJ-15-AX-2525,146GJ-15-AX-2525,,AX,TATA,3,2025-04-03T03:26:50.143Z,3,2025-04-03T03:26:50.143Z
197,147,GJ-15-AX-3225,147GJ-15-AX-3225,,AX,TATA,3,2025-04-03T03:26:50.143Z,3,2025-04-03T03:26:50.143Z
198,148,GJ-15-AX-7325,148GJ-15-AX-7325,,AX,TATA,3,2025-04-03T03:26:50.143Z,3,2025-04-03T03:26:50.143Z
199,149,GJ-15-AX-1925,149 GJ-15-AX-1925,,AX,TATA,3,2025-04-03T03:26:50.143Z,3,2025-04-03T03:26:50.143Z
200,150,GJ-15-AX-2025,150 GJ-15-AX-2025,,AX,TATA,3,2025-04-03T03:26:50.143Z,3,2025-04-03T03:26:50.143Z
201,151,GJ-15-AX-2125,151GJ-15-AX-2125,,AX,TATA,3,2025-04-03T03:26:50.143Z,3,2025-04-03T03:26:50.143Z
202,152,GJ-15-AX-2225,152GJ-15-AX-2225,,AX,TATA,3,2025-04-03T03:26:50.143Z,3,2025-04-03T03:26:50.143Z
203,153,GJ-15-AX-2325,153GJ-15-AX-2325,,AX,TATA,3,2025-04-03T03:26:50.143Z,3,2025-04-03T03:26:50.143Z
204,154,GJ-15-AX-2425,154GJ-15-AX-2425,,AX,TATA,3,2025-04-03T03:26:50.143Z,3,2025-04-03T03:26:50.143Z
205,155,GJ-15-AX-2625,155GJ-15-AX-2625,,AX,TATA,3,2025-04-03T03:26:50.143Z,3,2025-04-03T03:26:50.143Z
206,156,GJ-15-AX-2725,156GJ-15-AX-2725,,AX,LEYLAND,3,2025-04-03T03:26:50.143Z,3,2025-04-03T03:26:50.143Z
207,157,GJ-15-AX-2825,157GJ-15-AX-2825,,AX,LEYLAND,3,2025-04-03T03:26:50.143Z,3,2025-04-03T03:26:50.143Z
208,158,GJ-15-AX-2925,158GJ-15-AX-2925,,AX,LEYLAND,3,2025-04-03T03:26:50.143Z,3,2025-04-03T03:26:50.143Z
209,159,GJ-15-AX-3025,159GJ-15-AX-3025,,AX,LEYLAND,3,2025-04-03T03:26:50.143Z,3,2025-04-03T03:26:50.143Z
210,160,GJ-15-AX-3125,160GJ-15-AX-3125,,AX,LEYLAND,3,2025-04-03T03:26:50.143Z,3,2025-04-03T03:26:50.143Z
211,161,GJ-15-AX-3325,161GJ-15-AX-3325,,AX,TATA,3,2025-04-03T03:26:50.143Z,3,2025-04-03T03:26:50.143Z
212,162,GJ-15-AX-3425,162GJ-15-AX-3425,,AX,TATA,3,2025-04-03T03:26:50.143Z,3,2025-04-03T03:26:50.143Z
213,163,GJ-15-AX-3525,163GJ-15-AX-3525,,AX,TATA,3,2025-04-03T03:26:50.143Z,3,2025-04-03T03:26:50.143Z
214,164,GJ-15-AX-3625,164GJ-15-AX-3625,,AX,TATA,3,2025-04-03T03:26:50.143Z,3,2025-04-03T03:26:50.143Z
215,165,GJ-15-AX-3725,165GJ-15-AX-3725,,AX,LEYLAND,3,2025-04-03T03:26:50.143Z,3,2025-04-03T03:26:50.143Z
216,166,GJ-15-AX-3825,166GJ-15-AX-3825,,AX,LEYLAND,3,2025-04-03T03:26:50.143Z,3,2025-04-03T03:26:50.143Z
217,167,GJ-15-AX-3925,167GJ-15-AX-3925,,AX,LEYLAND,3,2025-04-03T03:26:50.143Z,3,2025-04-03T03:26:50.143Z
218,168,GJ-15-AX-4025,168GJ-15-AX-4025,,AX,LEYLAND,3,2025-04-03T03:26:50.143Z,3,2025-04-03T03:26:50.143Z
219,169,GJ-15-AX-4125,169GJ-15-AX-4125,,AX,LEYLAND,3,2025-04-03T03:26:50.143Z,3,2025-04-03T03:26:50.143Z
220,170,GJ-15-AX-4225,170GJ-15-AX-4225,,AX,TATA,3,2025-04-03T03:26:50.143Z,3,2025-04-03T03:26:50.143Z
221,171,GJ-15-AX-4325,171GJ-15-AX-4325,,AX,TATA,3,2025-04-03T03:26:50.143Z,3,2025-04-03T03:26:50.143Z
222,172,GJ-15-AX-4425,172GJ-15-AX-4425,,AX,TATA,3,2025-04-03T03:26:50.143Z,3,2025-04-03T03:26:50.143Z
223,173,GJ-15-AX-4525,173GJ-15-AX-4525,,AX,LEYLAND,3,2025-04-03T03:26:50.143Z,3,2025-04-03T03:26:50.143Z
224,174,GJ-15-AX-4625,174GJ-15-AX-4625,,AX,TATA,3,2025-04-03T03:26:50.143Z,3,2025-04-03T03:26:50.143Z
225,175,GJ-15-AX-4725,175GJ-15-AX-4725,,AX,TATA,3,2025-04-03T03:26:50.143Z,3,2025-04-03T03:26:50.143Z
226,176,GJ-15-AX-4825,176GJ-15-AX-4825,,AX,LEYLAND,3,2025-04-03T03:26:50.143Z,3,2025-04-03T03:26:50.143Z
227,177,GJ-15-AX-4925,177GJ-15-AX-4925,,AX,LEYLAND,3,2025-04-03T03:26:50.143Z,3,2025-04-03T03:26:50.143Z
228,178,GJ-15-AX-5025,178GJ-15-AX-5025,,AX,EICHER,3,2025-04-03T03:26:50.143Z,3,2025-04-03T03:26:50.143Z
229,179,GJ-15-AX-5125,179GJ-15-AX-5125,,AX,EICHER,3,2025-04-03T03:26:50.143Z,3,2025-04-03T03:26:50.143Z
230,180,GJ-15-AX-5225,180GJ-15-AX-5225,,AX,EICHER,3,2025-04-03T03:26:50.143Z,3,2025-04-03T03:26:50.143Z
231,181,GJ-15-AX-5325,181GJ-15-AX-5325,,AX,EICHER,3,2025-04-03T03:26:50.143Z,3,2025-04-03T03:26:50.143Z
232,182,GJ-15-AX-5425,182GJ-15-AX-5425,,AX,EICHER,3,2025-04-03T03:26:50.143Z,3,2025-04-03T03:26:50.143Z
233,183,GJ-15-AX-5525,183GJ-15-AX-5525,,AX,TATA,3,2025-04-03T03:26:50.143Z,3,2025-04-03T03:26:50.143Z
234,184,GJ-15-AX-5625,184GJ-15-AX-5625,,AX,TATA,3,2025-04-03T03:26:50.143Z,3,2025-04-03T03:26:50.143Z
235,185,GJ-15-AX-5725,185GJ-15-AX-5725,,AX,TATA,3,2025-04-03T03:26:50.143Z,3,2025-04-03T03:26:50.143Z
236,186,GJ-15-AX-5825,186GJ-15-AX-5825,,AX,TATA,3,2025-04-03T03:26:50.143Z,3,2025-04-03T03:26:50.143Z
237,187,GJ-15-AX-5925,187GJ-15-AX-5925,,AX,TATA,3,2025-04-03T03:26:50.143Z,3,2025-04-03T03:26:50.143Z
238,188,GJ-15-AX-6025,188GJ-15-AX-6025,,AX,TATA,3,2025-04-03T03:26:50.143Z,3,2025-04-03T03:26:50.143Z